MilanBabica;gordion_cancel_zakazka;gordion_delete_zakazky;gordion_lock_dokumenty;gordion_unlock_dokumenty;gordion_upload_archive;gordion_user;gordion_zasilat_alarmy;gordion_export_zakazek;gordion_admin;;;;;;;;;;;;;
OndrejPalenik;gordion_cancel_zakazka;gordion_delete_zakazky;gordion_lock_dokumenty;gordion_unlock_dokumenty;gordion_upload_archive;gordion_user;gordion_zasilat_alarmy;gordion_export_zakazek;gordion_admin;;;;;;;;;;;;;
FilipPotucek;gordion_cancel_zakazka;gordion_delete_zakazky;gordion_lock_dokumenty;gordion_unlock_dokumenty;gordion_upload_archive;gordion_user;gordion_zasilat_alarmy;gordion_export_zakazek;gordion_admin;;;;;;;;;;;;;
ZaludaP;gordion_cancel_zakazka;gordion_delete_zakazky;gordion_lock_dokumenty;gordion_unlock_dokumenty;gordion_upload_archive;gordion_user;gordion_zasilat_alarmy;;;;;;;;;;;;;;;
Stuplova;gordion_cancel_zakazka;gordion_delete_zakazky;gordion_lock_dokumenty;gordion_unlock_dokumenty;gordion_upload_archive;gordion_user;gordion_zasilat_alarmy;;;;;;;;;;;;;;;
Jelen;gordion_cancel_zakazka;gordion_delete_zakazky;gordion_lock_dokumenty;gordion_unlock_dokumenty;gordion_upload_archive;gordion_user;gordion_zasilat_alarmy;;;;;;;;;;;;;;;
SyselM;gordion_cancel_zakazka;gordion_delete_zakazky;gordion_lock_dokumenty;gordion_unlock_dokumenty;gordion_upload_archive;gordion_user;gordion_zasilat_alarmy;;;;;;;;;;;;;;;
KralJ;gordion_cancel_zakazka;gordion_delete_zakazky;gordion_lock_dokumenty;gordion_unlock_dokumenty;gordion_upload_archive;gordion_user;gordion_zasilat_alarmy;;;;;;;;;;;;;;;
Holadova;gordion_cancel_zakazka;gordion_delete_zakazky;gordion_lock_dokumenty;gordion_unlock_dokumenty;gordion_upload_archive;gordion_user;gordion_zasilat_alarmy;;;;;;;;;;;;;;;
Oharkova;gordion_cancel_zakazka;gordion_delete_zakazky;gordion_lock_dokumenty;gordion_unlock_dokumenty;gordion_upload_archive;gordion_user;gordion_zasilat_alarmy;;;;;;;;;;;;;;;
Blecha;gordion_cancel_zakazka;gordion_delete_zakazky;gordion_lock_dokumenty;gordion_unlock_dokumenty;gordion_upload_archive;gordion_user;gordion_zasilat_alarmy;;;;;;;;;;;;;;;
MikesL;gordion_cancel_zakazka;gordion_delete_zakazky;gordion_lock_dokumenty;gordion_unlock_dokumenty;gordion_upload_archive;gordion_user;gordion_zasilat_alarmy;;;;;;;;;;;;;;;
Nebesky;gordion_cancel_zakazka;gordion_delete_zakazky;gordion_lock_dokumenty;gordion_unlock_dokumenty;gordion_upload_archive;gordion_user;gordion_zasilat_alarmy;;;;;;;;;;;;;;;
Kele;gordion_cancel_zakazka;gordion_delete_zakazky;gordion_lock_dokumenty;gordion_unlock_dokumenty;gordion_upload_archive;gordion_user;gordion_zasilat_alarmy;;;;;;;;;;;;;;;
Muller;gordion_cancel_zakazka;gordion_delete_zakazky;gordion_lock_dokumenty;gordion_unlock_dokumenty;gordion_upload_archive;gordion_user;gordion_zasilat_alarmy;;;;;;;;;;;;;;;
Vohralik;gordion_cancel_zakazka;gordion_delete_zakazky;gordion_lock_dokumenty;gordion_unlock_dokumenty;gordion_upload_archive;gordion_user;gordion_zasilat_alarmy;;;;;;;;;;;;;;;
Mannova;gordion_cancel_zakazka;gordion_delete_zakazky;gordion_lock_dokumenty;gordion_unlock_dokumenty;gordion_upload_archive;gordion_user;gordion_zasilat_alarmy;;;;;;;;;;;;;;;
DluhosovaH;gordion_cancel_zakazka;gordion_delete_zakazky;gordion_lock_dokumenty;gordion_unlock_dokumenty;gordion_upload_archive;gordion_user;gordion_zasilat_alarmy;;;;;;;;;;;;;;;
Brumlichova;gordion_cancel_zakazka;gordion_delete_zakazky;gordion_lock_dokumenty;gordion_unlock_dokumenty;gordion_upload_archive;gordion_user;gordion_zasilat_alarmy;;;;;;;;;;;;;;;
Babica;gordion_cancel_zakazka;gordion_delete_zakazky;gordion_lock_dokumenty;gordion_unlock_dokumenty;gordion_upload_archive;gordion_user;gordion_zasilat_alarmy;gordion_export_zakazek;;;;;;;;;;;;;;
PalenikO;gordion_cancel_zakazka;gordion_delete_zakazky;gordion_lock_dokumenty;gordion_unlock_dokumenty;gordion_upload_archive;gordion_user;gordion_zasilat_alarmy;gordion_export_zakazek;;;;;;;;;;;;;;
Potucek;gordion_cancel_zakazka;gordion_delete_zakazky;gordion_lock_dokumenty;gordion_unlock_dokumenty;gordion_upload_archive;gordion_user;gordion_zasilat_alarmy;gordion_export_zakazek;;;;;;;;;;;;;;
Stockmann;gordion_cancel_zakazka;gordion_delete_zakazky;gordion_lock_dokumenty;gordion_unlock_dokumenty;gordion_upload_archive;gordion_user;gordion_zasilat_alarmy;;;;;;;;;;;;;;;
Blazek;gordion_cancel_zakazka;gordion_delete_zakazky;gordion_lock_dokumenty;gordion_unlock_dokumenty;gordion_upload_archive;gordion_user;gordion_zasilat_alarmy;;;;;;;;;;;;;;;
Prusa;gordion_cancel_zakazka;gordion_delete_zakazky;gordion_lock_dokumenty;gordion_unlock_dokumenty;gordion_upload_archive;gordion_user;gordion_zasilat_alarmy;;;;;;;;;;;;;;;
Skrivanova;gordion_cancel_zakazka;gordion_delete_zakazky;gordion_lock_dokumenty;gordion_unlock_dokumenty;gordion_upload_archive;gordion_user;gordion_zasilat_alarmy;;;;;;;;;;;;;;;
Motykova;gordion_cancel_zakazka;gordion_delete_zakazky;gordion_lock_dokumenty;gordion_unlock_dokumenty;gordion_upload_archive;gordion_user;gordion_zasilat_alarmy;;;;;;;;;;;;;;;
Kaspar ;gordion_cancel_zakazka;gordion_delete_zakazky;gordion_lock_dokumenty;gordion_unlock_dokumenty;gordion_upload_archive;gordion_user;gordion_zasilat_alarmy;;;;;;;;;;;;;;;
Kostelny;gordion_cancel_zakazka;gordion_delete_zakazky;gordion_lock_dokumenty;gordion_unlock_dokumenty;gordion_upload_archive;gordion_user;gordion_zasilat_alarmy;;;;;;;;;;;;;;;
KesrJ;gordion_cancel_zakazka;gordion_delete_zakazky;gordion_lock_dokumenty;gordion_unlock_dokumenty;gordion_upload_archive;gordion_user;gordion_zasilat_alarmy;;;;;;;;;;;;;;;
NovakR;gordion_cancel_zakazka;gordion_delete_zakazky;gordion_lock_dokumenty;gordion_unlock_dokumenty;gordion_upload_archive;gordion_user;gordion_zasilat_alarmy;;;;;;;;;;;;;;;
Hnulikova;gordion_cancel_zakazka;gordion_delete_zakazky;gordion_lock_dokumenty;gordion_unlock_dokumenty;gordion_upload_archive;gordion_user;gordion_zasilat_alarmy;;;;;;;;;;;;;;;
Bartheldi;gordion_cancel_zakazka;gordion_delete_zakazky;gordion_lock_dokumenty;gordion_unlock_dokumenty;gordion_upload_archive;gordion_user;gordion_zasilat_alarmy;;;;;;;;;;;;;;;
Baroch;gordion_cancel_zakazka;gordion_delete_zakazky;gordion_lock_dokumenty;gordion_unlock_dokumenty;gordion_upload_archive;gordion_user;gordion_zasilat_alarmy;;;;;;;;;;;;;;;
Sebena;gordion_cancel_zakazka;gordion_delete_zakazky;gordion_lock_dokumenty;gordion_unlock_dokumenty;gordion_upload_archive;gordion_user;gordion_zasilat_alarmy;;;;;;;;;;;;;;;
Jeseta;gordion_cancel_zakazka;gordion_delete_zakazky;gordion_lock_dokumenty;gordion_unlock_dokumenty;gordion_upload_archive;gordion_user;gordion_zasilat_alarmy;;;;;;;;;;;;;;;
Joklik;gordion_cancel_zakazka;gordion_delete_zakazky;gordion_lock_dokumenty;gordion_unlock_dokumenty;gordion_upload_archive;gordion_user;gordion_zasilat_alarmy;;;;;;;;;;;;;;;
Pelesek;gordion_cancel_zakazka;gordion_delete_zakazky;gordion_lock_dokumenty;gordion_unlock_dokumenty;gordion_upload_archive;gordion_user;gordion_zasilat_alarmy;;;;;;;;;;;;;;;
Perkner;gordion_cancel_zakazka;gordion_delete_zakazky;gordion_lock_dokumenty;gordion_unlock_dokumenty;gordion_upload_archive;gordion_user;gordion_zasilat_alarmy;;;;;;;;;;;;;;;
Svagr;gordion_cancel_zakazka;gordion_delete_zakazky;gordion_lock_dokumenty;gordion_unlock_dokumenty;gordion_upload_archive;gordion_user;gordion_zasilat_alarmy;;;;;;;;;;;;;;;
Heglas;gordion_cancel_zakazka;gordion_delete_zakazky;gordion_lock_dokumenty;gordion_unlock_dokumenty;gordion_upload_archive;gordion_user;gordion_zasilat_alarmy;;;;;;;;;;;;;;;
BerankovaL;gordion_cancel_zakazka;gordion_delete_zakazky;gordion_lock_dokumenty;gordion_unlock_dokumenty;gordion_upload_archive;gordion_user;gordion_zasilat_alarmy;;;;;;;;;;;;;;;
CermakJ;gordion_cancel_zakazka;gordion_delete_zakazky;gordion_lock_dokumenty;gordion_unlock_dokumenty;gordion_upload_archive;gordion_user;gordion_zasilat_alarmy;;;;;;;;;;;;;;;
Matzenauer;gordion_cancel_zakazka;gordion_delete_zakazky;gordion_lock_dokumenty;gordion_unlock_dokumenty;gordion_upload_archive;gordion_user;gordion_zasilat_alarmy;;;;;;;;;;;;;;;
CermakM;gordion_cancel_zakazka;gordion_delete_zakazky;gordion_lock_dokumenty;gordion_unlock_dokumenty;gordion_upload_archive;gordion_user;gordion_zasilat_alarmy;;;;;;;;;;;;;;;
PetrasekV;gordion_cancel_zakazka;gordion_delete_zakazky;gordion_lock_dokumenty;gordion_unlock_dokumenty;gordion_upload_archive;gordion_user;gordion_zasilat_alarmy;;;;;;;;;;;;;;;
Karsulin;gordion_cancel_zakazka;gordion_delete_zakazky;gordion_lock_dokumenty;gordion_unlock_dokumenty;gordion_upload_archive;gordion_user;gordion_zasilat_alarmy;;;;;;;;;;;;;;;
Fikr;gordion_cancel_zakazka;gordion_delete_zakazky;gordion_lock_dokumenty;gordion_unlock_dokumenty;gordion_upload_archive;gordion_user;gordion_zasilat_alarmy;;;;;;;;;;;;;;;
Jursa;gordion_cancel_zakazka;gordion_delete_zakazky;gordion_lock_dokumenty;gordion_unlock_dokumenty;gordion_upload_archive;gordion_user;gordion_zasilat_alarmy;;;;;;;;;;;;;;;
Skalicky;gordion_cancel_zakazka;gordion_delete_zakazky;gordion_lock_dokumenty;gordion_unlock_dokumenty;gordion_upload_archive;gordion_user;gordion_zasilat_alarmy;;;;;;;;;;;;;;;
Stuna;gordion_cancel_zakazka;gordion_delete_zakazky;gordion_lock_dokumenty;gordion_unlock_dokumenty;gordion_upload_archive;gordion_user;gordion_zasilat_alarmy;;;;;;;;;;;;;;;
Konopasek;gordion_cancel_zakazka;gordion_delete_zakazky;gordion_lock_dokumenty;gordion_unlock_dokumenty;gordion_upload_archive;gordion_user;gordion_zasilat_alarmy;;;;;;;;;;;;;;;
Janalik;;gordion_delete_zakazky;gordion_lock_dokumenty;gordion_unlock_dokumenty;gordion_upload_archive;gordion_user;gordion_zasilat_alarmy;;;;;;;;;;;;;;;
Hejduk;;gordion_delete_zakazky;gordion_lock_dokumenty;gordion_unlock_dokumenty;gordion_upload_archive;gordion_user;gordion_zasilat_alarmy;;;;;;;;;;;;;;;
NovakovaJana;;gordion_delete_zakazky;gordion_lock_dokumenty;gordion_unlock_dokumenty;gordion_upload_archive;gordion_user;gordion_zasilat_alarmy;;;;;;;;;;;;;;;
Zachar;;gordion_delete_zakazky;gordion_lock_dokumenty;gordion_unlock_dokumenty;gordion_upload_archive;gordion_user;gordion_zasilat_alarmy;;;;;;;;;;;;;;;
Chyba;;gordion_delete_zakazky;gordion_lock_dokumenty;gordion_unlock_dokumenty;gordion_upload_archive;gordion_user;gordion_zasilat_alarmy;;;;;;;;;;;;;;;
Voboril;;gordion_delete_zakazky;gordion_lock_dokumenty;gordion_unlock_dokumenty;gordion_upload_archive;gordion_user;gordion_zasilat_alarmy;;;;;;;;;;;;;;;
Kana;;gordion_delete_zakazky;gordion_lock_dokumenty;gordion_unlock_dokumenty;gordion_upload_archive;gordion_user;gordion_zasilat_alarmy;;;;;;;;;;;;;;;
KotrbaA;;gordion_delete_zakazky;gordion_lock_dokumenty;gordion_unlock_dokumenty;gordion_upload_archive;gordion_user;gordion_zasilat_alarmy;;;;;;;;;;;;;;;
Mrkos ;;gordion_delete_zakazky;gordion_lock_dokumenty;gordion_unlock_dokumenty;gordion_upload_archive;gordion_user;gordion_zasilat_alarmy;;;;;;;;;;;;;;;
Novacek;;gordion_delete_zakazky;gordion_lock_dokumenty;gordion_unlock_dokumenty;gordion_upload_archive;gordion_user;gordion_zasilat_alarmy;;;;;;;;;;;;;;;
NovakMa;;gordion_delete_zakazky;gordion_lock_dokumenty;gordion_unlock_dokumenty;gordion_upload_archive;gordion_user;gordion_zasilat_alarmy;;;;;;;;;;;;;;;
Rederer;;gordion_delete_zakazky;gordion_lock_dokumenty;gordion_unlock_dokumenty;gordion_upload_archive;gordion_user;gordion_zasilat_alarmy;;;;;;;;;;;;;;;
Janousek;;gordion_delete_zakazky;gordion_lock_dokumenty;gordion_unlock_dokumenty;gordion_upload_archive;gordion_user;gordion_zasilat_alarmy;;;;;;;;;;;;;;;
Trojak;;gordion_delete_zakazky;gordion_lock_dokumenty;gordion_unlock_dokumenty;gordion_upload_archive;gordion_user;gordion_zasilat_alarmy;;;;;;;;;;;;;;;
Golias;;gordion_delete_zakazky;gordion_lock_dokumenty;gordion_unlock_dokumenty;gordion_upload_archive;gordion_user;gordion_zasilat_alarmy;;;;;;;;;;;;;;;
Puta;;gordion_delete_zakazky;gordion_lock_dokumenty;gordion_unlock_dokumenty;gordion_upload_archive;gordion_user;gordion_zasilat_alarmy;;;;;;;;;;;;;;;
KotheraM;;gordion_delete_zakazky;gordion_lock_dokumenty;gordion_unlock_dokumenty;gordion_upload_archive;gordion_user;gordion_zasilat_alarmy;;;;;;;;;;;;;;;
Plomer;;gordion_delete_zakazky;gordion_lock_dokumenty;gordion_unlock_dokumenty;gordion_upload_archive;gordion_user;gordion_zasilat_alarmy;;;;;;;;;;;;;;;
Heindl;gordion_user;gordion_cp;gordion_delete_zakazky_cp;gordion_lock_dokumenty_cp;gordion_unlock_dokumenty_cp;gordion_upload_archive_cp;gordion_delete_zakazky_pls;gordion_lock_dokumenty_pls;gordion_unlock_dokumenty_pls;gordion_upload_archive_pls;gordion_pls;gordion_delete_zakazky_zmr;gordion_lock_dokumenty_zmr;gordion_unlock_dokumenty_zmr;gordion_upload_archive_zmr;gordion_zmr;gordion_delete_zakazky_pls_sp;gordion_lock_dokumenty_pls_sp;gordion_unlock_dokumenty_pls_sp;gordion_upload_archive_pls_sp;gordion_pls_sp;gordion_zasilat_alarmy
Krumpolcova;gordion_user;gordion_cp;gordion_delete_zakazky_cp;gordion_lock_dokumenty_cp;gordion_unlock_dokumenty_cp;gordion_upload_archive_cp;gordion_delete_zakazky_pls;gordion_lock_dokumenty_pls;gordion_unlock_dokumenty_pls;gordion_upload_archive_pls;gordion_pls;gordion_delete_zakazky_zmr;gordion_lock_dokumenty_zmr;gordion_unlock_dokumenty_zmr;gordion_upload_archive_zmr;gordion_zmr;gordion_delete_zakazky_pls_sp;gordion_lock_dokumenty_pls_sp;gordion_unlock_dokumenty_pls_sp;gordion_upload_archive_pls_sp;gordion_pls_sp;gordion_zasilat_alarmy
Ryznar;gordion_user;gordion_cp;gordion_delete_zakazky_cp;gordion_lock_dokumenty_cp;gordion_unlock_dokumenty_cp;gordion_upload_archive_cp;gordion_delete_zakazky_pls;gordion_lock_dokumenty_pls;gordion_unlock_dokumenty_pls;gordion_upload_archive_pls;gordion_pls;gordion_delete_zakazky_zmr;gordion_lock_dokumenty_zmr;gordion_unlock_dokumenty_zmr;gordion_upload_archive_zmr;gordion_zmr;gordion_delete_zakazky_pls_sp;gordion_lock_dokumenty_pls_sp;gordion_unlock_dokumenty_pls_sp;gordion_upload_archive_pls_sp;gordion_pls_sp;gordion_zasilat_alarmy
Sladek;gordion_user;gordion_cp;gordion_delete_zakazky_cp;gordion_lock_dokumenty_cp;gordion_unlock_dokumenty_cp;gordion_upload_archive_cp;gordion_delete_zakazky_pls;gordion_lock_dokumenty_pls;gordion_unlock_dokumenty_pls;gordion_upload_archive_pls;gordion_pls;gordion_delete_zakazky_zmr;gordion_lock_dokumenty_zmr;gordion_unlock_dokumenty_zmr;gordion_upload_archive_zmr;gordion_zmr;gordion_delete_zakazky_pls_sp;gordion_lock_dokumenty_pls_sp;gordion_unlock_dokumenty_pls_sp;gordion_upload_archive_pls_sp;gordion_pls_sp;gordion_zasilat_alarmy
Svobodova;gordion_user;gordion_cp;gordion_delete_zakazky_cp;gordion_lock_dokumenty_cp;gordion_unlock_dokumenty_cp;gordion_upload_archive_cp;gordion_delete_zakazky_pls;gordion_lock_dokumenty_pls;gordion_unlock_dokumenty_pls;gordion_upload_archive_pls;gordion_pls;gordion_delete_zakazky_zmr;gordion_lock_dokumenty_zmr;gordion_unlock_dokumenty_zmr;gordion_upload_archive_zmr;gordion_zmr;gordion_delete_zakazky_pls_sp;gordion_lock_dokumenty_pls_sp;gordion_unlock_dokumenty_pls_sp;gordion_upload_archive_pls_sp;gordion_pls_sp;gordion_zasilat_alarmy
FilipJ;gordion_user;gordion_cp;gordion_delete_zakazky_cp;gordion_lock_dokumenty_cp;gordion_unlock_dokumenty_cp;gordion_upload_archive_cp;gordion_delete_zakazky_pls;gordion_lock_dokumenty_pls;gordion_unlock_dokumenty_pls;gordion_upload_archive_pls;gordion_pls;gordion_delete_zakazky_zmr;gordion_lock_dokumenty_zmr;gordion_unlock_dokumenty_zmr;gordion_upload_archive_zmr;gordion_zmr;gordion_delete_zakazky_pls_sp;gordion_lock_dokumenty_pls_sp;gordion_unlock_dokumenty_pls_sp;gordion_upload_archive_pls_sp;gordion_pls_sp;gordion_zasilat_alarmy
Kratkaa;gordion_user;gordion_cp;gordion_delete_zakazky_cp;gordion_lock_dokumenty_cp;gordion_unlock_dokumenty_cp;gordion_upload_archive_cp;gordion_delete_zakazky_pls;gordion_lock_dokumenty_pls;gordion_unlock_dokumenty_pls;gordion_upload_archive_pls;gordion_pls;gordion_delete_zakazky_zmr;gordion_lock_dokumenty_zmr;gordion_unlock_dokumenty_zmr;gordion_upload_archive_zmr;gordion_zmr;gordion_delete_zakazky_pls_sp;gordion_lock_dokumenty_pls_sp;gordion_unlock_dokumenty_pls_sp;gordion_upload_archive_pls_sp;gordion_pls_sp;gordion_zasilat_alarmy
Zitka;gordion_user;gordion_cp;gordion_delete_zakazky_cp;gordion_lock_dokumenty_cp;gordion_unlock_dokumenty_cp;gordion_upload_archive_cp;gordion_delete_zakazky_pls;gordion_lock_dokumenty_pls;gordion_unlock_dokumenty_pls;gordion_upload_archive_pls;gordion_pls;gordion_delete_zakazky_zmr;gordion_lock_dokumenty_zmr;gordion_unlock_dokumenty_zmr;gordion_upload_archive_zmr;gordion_zmr;gordion_delete_zakazky_pls_sp;gordion_lock_dokumenty_pls_sp;gordion_unlock_dokumenty_pls_sp;gordion_upload_archive_pls_sp;gordion_pls_sp;gordion_zasilat_alarmy
HavelkovaB;gordion_user;gordion_cp;gordion_delete_zakazky_cp;gordion_lock_dokumenty_cp;gordion_unlock_dokumenty_cp;gordion_upload_archive_cp;gordion_delete_zakazky_pls;gordion_lock_dokumenty_pls;gordion_unlock_dokumenty_pls;gordion_upload_archive_pls;gordion_pls;gordion_delete_zakazky_zmr;gordion_lock_dokumenty_zmr;gordion_unlock_dokumenty_zmr;gordion_upload_archive_zmr;gordion_zmr;gordion_delete_zakazky_pls_sp;gordion_lock_dokumenty_pls_sp;gordion_unlock_dokumenty_pls_sp;gordion_upload_archive_pls_sp;gordion_pls_sp;gordion_zasilat_alarmy
Loskot;gordion_user;gordion_cp;gordion_delete_zakazky_cp;gordion_lock_dokumenty_cp;gordion_unlock_dokumenty_cp;gordion_upload_archive_cp;gordion_delete_zakazky_pls;gordion_lock_dokumenty_pls;gordion_unlock_dokumenty_pls;gordion_upload_archive_pls;gordion_pls;gordion_delete_zakazky_zmr;gordion_lock_dokumenty_zmr;gordion_unlock_dokumenty_zmr;gordion_upload_archive_zmr;gordion_zmr;gordion_delete_zakazky_pls_sp;gordion_lock_dokumenty_pls_sp;gordion_unlock_dokumenty_pls_sp;gordion_upload_archive_pls_sp;gordion_pls_sp;gordion_zasilat_alarmy
SterbaS;gordion_user;gordion_cp;gordion_delete_zakazky_cp;gordion_lock_dokumenty_cp;gordion_unlock_dokumenty_cp;gordion_upload_archive_cp;gordion_delete_zakazky_pls;gordion_lock_dokumenty_pls;gordion_unlock_dokumenty_pls;gordion_upload_archive_pls;gordion_pls;gordion_delete_zakazky_zmr;gordion_lock_dokumenty_zmr;gordion_unlock_dokumenty_zmr;gordion_upload_archive_zmr;gordion_zmr;gordion_delete_zakazky_pls_sp;gordion_lock_dokumenty_pls_sp;gordion_unlock_dokumenty_pls_sp;gordion_upload_archive_pls_sp;gordion_pls_sp;gordion_zasilat_alarmy
StulovaJ;gordion_user;gordion_cp;gordion_delete_zakazky_cp;gordion_lock_dokumenty_cp;gordion_unlock_dokumenty_cp;gordion_upload_archive_cp;gordion_delete_zakazky_pls;gordion_lock_dokumenty_pls;gordion_unlock_dokumenty_pls;gordion_upload_archive_pls;gordion_pls;gordion_delete_zakazky_zmr;gordion_lock_dokumenty_zmr;gordion_unlock_dokumenty_zmr;gordion_upload_archive_zmr;gordion_zmr;gordion_delete_zakazky_pls_sp;gordion_lock_dokumenty_pls_sp;gordion_unlock_dokumenty_pls_sp;gordion_upload_archive_pls_sp;gordion_pls_sp;gordion_zasilat_alarmy
Vrany;gordion_user;gordion_cp;gordion_delete_zakazky_cp;gordion_lock_dokumenty_cp;gordion_unlock_dokumenty_cp;gordion_upload_archive_cp;gordion_delete_zakazky_pls;gordion_lock_dokumenty_pls;gordion_unlock_dokumenty_pls;gordion_upload_archive_pls;gordion_pls;gordion_delete_zakazky_zmr;gordion_lock_dokumenty_zmr;gordion_unlock_dokumenty_zmr;gordion_upload_archive_zmr;gordion_zmr;gordion_delete_zakazky_pls_sp;gordion_lock_dokumenty_pls_sp;gordion_unlock_dokumenty_pls_sp;gordion_upload_archive_pls_sp;gordion_pls_sp;gordion_zasilat_alarmy
Spina;gordion_user;gordion_cp;gordion_delete_zakazky_cp;gordion_lock_dokumenty_cp;gordion_unlock_dokumenty_cp;gordion_upload_archive_cp;gordion_delete_zakazky_pls;gordion_lock_dokumenty_pls;gordion_unlock_dokumenty_pls;gordion_upload_archive_pls;gordion_pls;gordion_delete_zakazky_zmr;gordion_lock_dokumenty_zmr;gordion_unlock_dokumenty_zmr;gordion_upload_archive_zmr;gordion_zmr;gordion_delete_zakazky_pls_sp;gordion_lock_dokumenty_pls_sp;gordion_unlock_dokumenty_pls_sp;gordion_upload_archive_pls_sp;gordion_pls_sp;gordion_zasilat_alarmy
Dosedel;gordion_user;gordion_cp;gordion_delete_zakazky_cp;gordion_lock_dokumenty_cp;gordion_unlock_dokumenty_cp;gordion_upload_archive_cp;gordion_delete_zakazky_pls;gordion_lock_dokumenty_pls;gordion_unlock_dokumenty_pls;gordion_upload_archive_pls;gordion_pls;gordion_delete_zakazky_zmr;gordion_lock_dokumenty_zmr;gordion_unlock_dokumenty_zmr;gordion_upload_archive_zmr;gordion_zmr;gordion_delete_zakazky_pls_sp;gordion_lock_dokumenty_pls_sp;gordion_unlock_dokumenty_pls_sp;gordion_upload_archive_pls_sp;gordion_pls_sp;gordion_zasilat_alarmy
Horak;gordion_user;gordion_cp;gordion_delete_zakazky_cp;gordion_lock_dokumenty_cp;gordion_unlock_dokumenty_cp;gordion_upload_archive_cp;gordion_delete_zakazky_pls;gordion_lock_dokumenty_pls;gordion_unlock_dokumenty_pls;gordion_upload_archive_pls;gordion_pls;gordion_delete_zakazky_zmr;gordion_lock_dokumenty_zmr;gordion_unlock_dokumenty_zmr;gordion_upload_archive_zmr;gordion_zmr;gordion_delete_zakazky_pls_sp;gordion_lock_dokumenty_pls_sp;gordion_unlock_dokumenty_pls_sp;gordion_upload_archive_pls_sp;gordion_pls_sp;gordion_zasilat_alarmy
Ondracek;gordion_user;gordion_cp;gordion_delete_zakazky_cp;gordion_lock_dokumenty_cp;gordion_unlock_dokumenty_cp;gordion_upload_archive_cp;gordion_delete_zakazky_pls;gordion_lock_dokumenty_pls;gordion_unlock_dokumenty_pls;gordion_upload_archive_pls;gordion_pls;gordion_delete_zakazky_zmr;gordion_lock_dokumenty_zmr;gordion_unlock_dokumenty_zmr;gordion_upload_archive_zmr;gordion_zmr;gordion_delete_zakazky_pls_sp;gordion_lock_dokumenty_pls_sp;gordion_unlock_dokumenty_pls_sp;gordion_upload_archive_pls_sp;gordion_pls_sp;gordion_zasilat_alarmy
DvorakP;gordion_user;gordion_cp;gordion_delete_zakazky_cp;gordion_lock_dokumenty_cp;gordion_unlock_dokumenty_cp;gordion_upload_archive_cp;gordion_delete_zakazky_pls;gordion_lock_dokumenty_pls;gordion_unlock_dokumenty_pls;gordion_upload_archive_pls;gordion_pls;gordion_delete_zakazky_zmr;gordion_lock_dokumenty_zmr;gordion_unlock_dokumenty_zmr;gordion_upload_archive_zmr;gordion_zmr;gordion_delete_zakazky_pls_sp;gordion_lock_dokumenty_pls_sp;gordion_unlock_dokumenty_pls_sp;gordion_upload_archive_pls_sp;gordion_pls_sp;gordion_zasilat_alarmy
Zavadil;gordion_user;gordion_cp;gordion_delete_zakazky_cp;gordion_lock_dokumenty_cp;gordion_unlock_dokumenty_cp;gordion_upload_archive_cp;gordion_delete_zakazky_pls;gordion_lock_dokumenty_pls;gordion_unlock_dokumenty_pls;gordion_upload_archive_pls;gordion_pls;gordion_delete_zakazky_zmr;gordion_lock_dokumenty_zmr;gordion_unlock_dokumenty_zmr;gordion_upload_archive_zmr;gordion_zmr;gordion_delete_zakazky_pls_sp;gordion_lock_dokumenty_pls_sp;gordion_unlock_dokumenty_pls_sp;gordion_upload_archive_pls_sp;gordion_pls_sp;gordion_zasilat_alarmy
VostrakovaJ;gordion_user;gordion_cp;gordion_delete_zakazky_cp;gordion_lock_dokumenty_cp;gordion_unlock_dokumenty_cp;gordion_upload_archive_cp;gordion_delete_zakazky_pls;gordion_lock_dokumenty_pls;gordion_unlock_dokumenty_pls;gordion_upload_archive_pls;gordion_pls;gordion_delete_zakazky_zmr;gordion_lock_dokumenty_zmr;gordion_unlock_dokumenty_zmr;gordion_upload_archive_zmr;gordion_zmr;gordion_zasilat_alarmy;;;;;
Adamek;gordion_user;gordion_cp;gordion_delete_zakazky_cp;gordion_lock_dokumenty_cp;gordion_unlock_dokumenty_cp;gordion_upload_archive_cp;gordion_delete_zakazky_pls;gordion_lock_dokumenty_pls;gordion_unlock_dokumenty_pls;gordion_upload_archive_pls;gordion_pls;gordion_delete_zakazky_zmr;gordion_lock_dokumenty_zmr;gordion_unlock_dokumenty_zmr;gordion_upload_archive_zmr;gordion_zmr;gordion_zasilat_alarmy;;;;;
Zajic;gordion_user;gordion_cp;gordion_delete_zakazky_cp;gordion_lock_dokumenty_cp;gordion_unlock_dokumenty_cp;gordion_upload_archive_cp;gordion_delete_zakazky_pls;gordion_lock_dokumenty_pls;gordion_unlock_dokumenty_pls;gordion_upload_archive_pls;gordion_pls;gordion_delete_zakazky_zmr;gordion_lock_dokumenty_zmr;gordion_unlock_dokumenty_zmr;gordion_upload_archive_zmr;gordion_zmr;gordion_zasilat_alarmy;;;;;
Holakovsky;gordion_user;gordion_cp;gordion_delete_zakazky_cp;gordion_lock_dokumenty_cp;gordion_unlock_dokumenty_cp;gordion_upload_archive_cp;gordion_delete_zakazky_pls;gordion_lock_dokumenty_pls;gordion_unlock_dokumenty_pls;gordion_upload_archive_pls;gordion_pls;gordion_delete_zakazky_zmr;gordion_lock_dokumenty_zmr;gordion_unlock_dokumenty_zmr;gordion_upload_archive_zmr;gordion_zmr;gordion_zasilat_alarmy;;;;;
Krsnak;gordion_user;gordion_cp;gordion_delete_zakazky_cp;gordion_lock_dokumenty_cp;gordion_unlock_dokumenty_cp;gordion_upload_archive_cp;gordion_delete_zakazky_pls;gordion_lock_dokumenty_pls;gordion_unlock_dokumenty_pls;gordion_upload_archive_pls;gordion_pls;gordion_delete_zakazky_zmr;gordion_lock_dokumenty_zmr;gordion_unlock_dokumenty_zmr;gordion_upload_archive_zmr;gordion_zmr;gordion_zasilat_alarmy;;;;;
Rakova;gordion_user;gordion_cp;gordion_delete_zakazky_cp;gordion_lock_dokumenty_cp;gordion_unlock_dokumenty_cp;gordion_upload_archive_cp;gordion_delete_zakazky_pls;gordion_lock_dokumenty_pls;gordion_unlock_dokumenty_pls;gordion_upload_archive_pls;gordion_pls;gordion_delete_zakazky_zmr;gordion_lock_dokumenty_zmr;gordion_unlock_dokumenty_zmr;gordion_upload_archive_zmr;gordion_zmr;gordion_zasilat_alarmy;;;;;
Pazourkova;gordion_user;gordion_cp;gordion_delete_zakazky_cp;gordion_lock_dokumenty_cp;gordion_unlock_dokumenty_cp;gordion_upload_archive_cp;gordion_delete_zakazky_pls;gordion_lock_dokumenty_pls;gordion_unlock_dokumenty_pls;gordion_upload_archive_pls;gordion_pls;gordion_delete_zakazky_zmr;gordion_lock_dokumenty_zmr;gordion_unlock_dokumenty_zmr;gordion_upload_archive_zmr;gordion_zmr;gordion_zasilat_alarmy;;;;;
Laznickova;gordion_user;gordion_cp;gordion_delete_zakazky_cp;gordion_lock_dokumenty_cp;gordion_unlock_dokumenty_cp;gordion_upload_archive_cp;gordion_delete_zakazky_pls;gordion_lock_dokumenty_pls;gordion_unlock_dokumenty_pls;gordion_upload_archive_pls;gordion_pls;gordion_delete_zakazky_zmr;gordion_lock_dokumenty_zmr;gordion_unlock_dokumenty_zmr;gordion_upload_archive_zmr;gordion_zmr;gordion_zasilat_alarmy;;;;;
Syrovatka;gordion_user;gordion_cp;gordion_delete_zakazky_cp;gordion_lock_dokumenty_cp;gordion_unlock_dokumenty_cp;gordion_upload_archive_cp;gordion_delete_zakazky_pls;gordion_lock_dokumenty_pls;gordion_unlock_dokumenty_pls;gordion_upload_archive_pls;gordion_pls;gordion_delete_zakazky_zmr;gordion_lock_dokumenty_zmr;gordion_unlock_dokumenty_zmr;gordion_upload_archive_zmr;gordion_zmr;gordion_zasilat_alarmy;;;;;
Mestekova;gordion_user;gordion_cp;gordion_delete_zakazky_cp;gordion_lock_dokumenty_cp;gordion_unlock_dokumenty_cp;gordion_upload_archive_cp;gordion_delete_zakazky_pls;gordion_lock_dokumenty_pls;gordion_unlock_dokumenty_pls;gordion_upload_archive_pls;gordion_pls;gordion_delete_zakazky_zmr;gordion_lock_dokumenty_zmr;gordion_unlock_dokumenty_zmr;gordion_upload_archive_zmr;gordion_zmr;gordion_zasilat_alarmy;;;;;
Skopalova;gordion_user;gordion_cp;gordion_delete_zakazky_cp;gordion_lock_dokumenty_cp;gordion_unlock_dokumenty_cp;gordion_upload_archive_cp;gordion_delete_zakazky_pls;gordion_lock_dokumenty_pls;gordion_unlock_dokumenty_pls;gordion_upload_archive_pls;gordion_pls;gordion_delete_zakazky_zmr;gordion_lock_dokumenty_zmr;gordion_unlock_dokumenty_zmr;gordion_upload_archive_zmr;gordion_zmr;gordion_zasilat_alarmy;;;;;
Hruskova;gordion_user;gordion_cp;gordion_delete_zakazky_cp;gordion_lock_dokumenty_cp;gordion_unlock_dokumenty_cp;gordion_upload_archive_cp;gordion_delete_zakazky_pls;gordion_lock_dokumenty_pls;gordion_unlock_dokumenty_pls;gordion_upload_archive_pls;gordion_pls;gordion_delete_zakazky_zmr;gordion_lock_dokumenty_zmr;gordion_unlock_dokumenty_zmr;gordion_upload_archive_zmr;gordion_zmr;gordion_zasilat_alarmy;;;;;
Kabrielova;gordion_user;gordion_cp;gordion_delete_zakazky_cp;gordion_lock_dokumenty_cp;gordion_unlock_dokumenty_cp;gordion_upload_archive_cp;gordion_delete_zakazky_pls;gordion_lock_dokumenty_pls;gordion_unlock_dokumenty_pls;gordion_upload_archive_pls;gordion_pls;gordion_delete_zakazky_zmr;gordion_lock_dokumenty_zmr;gordion_unlock_dokumenty_zmr;gordion_upload_archive_zmr;gordion_zmr;gordion_zasilat_alarmy;;;;;
Cirhanova;gordion_user;gordion_cp;gordion_delete_zakazky_cp;gordion_lock_dokumenty_cp;gordion_unlock_dokumenty_cp;gordion_upload_archive_cp;gordion_delete_zakazky_pls;gordion_lock_dokumenty_pls;gordion_unlock_dokumenty_pls;gordion_upload_archive_pls;gordion_pls;gordion_delete_zakazky_zmr;gordion_lock_dokumenty_zmr;gordion_unlock_dokumenty_zmr;gordion_upload_archive_zmr;gordion_zmr;gordion_zasilat_alarmy;;;;;
Sistkova;gordion_user;gordion_cp;gordion_delete_zakazky_cp;gordion_lock_dokumenty_cp;gordion_unlock_dokumenty_cp;gordion_upload_archive_cp;gordion_delete_zakazky_pls;gordion_lock_dokumenty_pls;gordion_unlock_dokumenty_pls;gordion_upload_archive_pls;gordion_pls;gordion_delete_zakazky_zmr;gordion_lock_dokumenty_zmr;gordion_unlock_dokumenty_zmr;gordion_upload_archive_zmr;gordion_zmr;gordion_zasilat_alarmy;;;;;
Juricova;gordion_user;gordion_cp;gordion_delete_zakazky_cp;gordion_lock_dokumenty_cp;gordion_unlock_dokumenty_cp;gordion_upload_archive_cp;gordion_delete_zakazky_pls;gordion_lock_dokumenty_pls;gordion_unlock_dokumenty_pls;gordion_upload_archive_pls;gordion_pls;gordion_delete_zakazky_zmr;gordion_lock_dokumenty_zmr;gordion_unlock_dokumenty_zmr;gordion_upload_archive_zmr;gordion_zmr;gordion_zasilat_alarmy;;;;;
PetrakovaZ;gordion_user;gordion_cp;gordion_delete_zakazky_cp;gordion_lock_dokumenty_cp;gordion_unlock_dokumenty_cp;gordion_upload_archive_cp;gordion_delete_zakazky_pls;gordion_lock_dokumenty_pls;gordion_unlock_dokumenty_pls;gordion_upload_archive_pls;gordion_pls;gordion_delete_zakazky_zmr;gordion_lock_dokumenty_zmr;gordion_unlock_dokumenty_zmr;gordion_upload_archive_zmr;gordion_zmr;gordion_zasilat_alarmy;;;;;
Bartoskova;gordion_user;gordion_cp;gordion_delete_zakazky_cp;gordion_lock_dokumenty_cp;gordion_unlock_dokumenty_cp;gordion_upload_archive_cp;gordion_delete_zakazky_pls;gordion_lock_dokumenty_pls;gordion_unlock_dokumenty_pls;gordion_upload_archive_pls;gordion_pls;gordion_delete_zakazky_zmr;gordion_lock_dokumenty_zmr;gordion_unlock_dokumenty_zmr;gordion_upload_archive_zmr;gordion_zmr;gordion_zasilat_alarmy;;;;;
Betkova;gordion_user;gordion_cp;gordion_delete_zakazky_cp;gordion_lock_dokumenty_cp;gordion_unlock_dokumenty_cp;gordion_upload_archive_cp;gordion_delete_zakazky_pls;gordion_lock_dokumenty_pls;gordion_unlock_dokumenty_pls;gordion_upload_archive_pls;gordion_pls;gordion_delete_zakazky_zmr;gordion_lock_dokumenty_zmr;gordion_unlock_dokumenty_zmr;gordion_upload_archive_zmr;gordion_zmr;gordion_zasilat_alarmy;;;;;
GrohJ;gordion_user;gordion_cp;gordion_delete_zakazky_cp;gordion_lock_dokumenty_cp;gordion_unlock_dokumenty_cp;gordion_upload_archive_cp;gordion_delete_zakazky_pls;gordion_lock_dokumenty_pls;gordion_unlock_dokumenty_pls;gordion_upload_archive_pls;gordion_pls;gordion_delete_zakazky_zmr;gordion_lock_dokumenty_zmr;gordion_unlock_dokumenty_zmr;gordion_upload_archive_zmr;gordion_zmr;gordion_zasilat_alarmy;;;;;
Parizkova;gordion_user;gordion_cp;gordion_delete_zakazky_cp;gordion_lock_dokumenty_cp;gordion_unlock_dokumenty_cp;gordion_upload_archive_cp;gordion_delete_zakazky_pls;gordion_lock_dokumenty_pls;gordion_unlock_dokumenty_pls;gordion_upload_archive_pls;gordion_pls;gordion_delete_zakazky_zmr;gordion_lock_dokumenty_zmr;gordion_unlock_dokumenty_zmr;gordion_upload_archive_zmr;gordion_zmr;gordion_zasilat_alarmy;;;;;
Simonicek;gordion_user;gordion_cp;gordion_delete_zakazky_cp;gordion_lock_dokumenty_cp;gordion_unlock_dokumenty_cp;gordion_upload_archive_cp;gordion_delete_zakazky_pls;gordion_lock_dokumenty_pls;gordion_unlock_dokumenty_pls;gordion_upload_archive_pls;gordion_pls;gordion_delete_zakazky_zmr;gordion_lock_dokumenty_zmr;gordion_unlock_dokumenty_zmr;gordion_upload_archive_zmr;gordion_zmr;gordion_zasilat_alarmy;;;;;
Winkelhofer;gordion_user;gordion_cp;gordion_delete_zakazky_cp;gordion_lock_dokumenty_cp;gordion_unlock_dokumenty_cp;gordion_upload_archive_cp;gordion_delete_zakazky_pls;gordion_lock_dokumenty_pls;gordion_unlock_dokumenty_pls;gordion_upload_archive_pls;gordion_pls;gordion_delete_zakazky_zmr;gordion_lock_dokumenty_zmr;gordion_unlock_dokumenty_zmr;gordion_upload_archive_zmr;gordion_zmr;gordion_zasilat_alarmy;;;;;
FaltysekZ;gordion_user;gordion_cp;gordion_delete_zakazky_cp;gordion_lock_dokumenty_cp;gordion_unlock_dokumenty_cp;gordion_upload_archive_cp;gordion_delete_zakazky_pls;gordion_lock_dokumenty_pls;gordion_unlock_dokumenty_pls;gordion_upload_archive_pls;gordion_pls;gordion_delete_zakazky_zmr;gordion_lock_dokumenty_zmr;gordion_unlock_dokumenty_zmr;gordion_upload_archive_zmr;gordion_zmr;gordion_zasilat_alarmy;;;;;
FialovaM;gordion_user;gordion_cp;gordion_delete_zakazky_cp;gordion_lock_dokumenty_cp;gordion_unlock_dokumenty_cp;gordion_upload_archive_cp;gordion_delete_zakazky_pls;gordion_lock_dokumenty_pls;gordion_unlock_dokumenty_pls;gordion_upload_archive_pls;gordion_pls;gordion_delete_zakazky_zmr;gordion_lock_dokumenty_zmr;gordion_unlock_dokumenty_zmr;gordion_upload_archive_zmr;gordion_zmr;gordion_zasilat_alarmy;;;;;
Frank;gordion_user;gordion_cp;gordion_delete_zakazky_cp;gordion_lock_dokumenty_cp;gordion_unlock_dokumenty_cp;gordion_upload_archive_cp;gordion_delete_zakazky_pls;gordion_lock_dokumenty_pls;gordion_unlock_dokumenty_pls;gordion_upload_archive_pls;gordion_pls;gordion_delete_zakazky_zmr;gordion_lock_dokumenty_zmr;gordion_unlock_dokumenty_zmr;gordion_upload_archive_zmr;gordion_zmr;gordion_zasilat_alarmy;;;;;
Koptova;gordion_user;gordion_cp;gordion_delete_zakazky_cp;gordion_lock_dokumenty_cp;gordion_unlock_dokumenty_cp;gordion_upload_archive_cp;gordion_delete_zakazky_pls;gordion_lock_dokumenty_pls;gordion_unlock_dokumenty_pls;gordion_upload_archive_pls;gordion_pls;gordion_delete_zakazky_zmr;gordion_lock_dokumenty_zmr;gordion_unlock_dokumenty_zmr;gordion_upload_archive_zmr;gordion_zmr;gordion_zasilat_alarmy;;;;;
DostalikJ;gordion_user;gordion_cp;gordion_delete_zakazky_cp;gordion_lock_dokumenty_cp;gordion_unlock_dokumenty_cp;gordion_upload_archive_cp;gordion_delete_zakazky_pls;gordion_lock_dokumenty_pls;gordion_unlock_dokumenty_pls;gordion_upload_archive_pls;gordion_pls;gordion_delete_zakazky_zmr;gordion_lock_dokumenty_zmr;gordion_unlock_dokumenty_zmr;gordion_upload_archive_zmr;gordion_zmr;gordion_zasilat_alarmy;;;;;
Fouskova;gordion_user;gordion_cp;gordion_delete_zakazky_cp;gordion_lock_dokumenty_cp;gordion_unlock_dokumenty_cp;gordion_upload_archive_cp;gordion_delete_zakazky_pls;gordion_lock_dokumenty_pls;gordion_unlock_dokumenty_pls;gordion_upload_archive_pls;gordion_pls;gordion_delete_zakazky_zmr;gordion_lock_dokumenty_zmr;gordion_unlock_dokumenty_zmr;gordion_upload_archive_zmr;gordion_zmr;gordion_zasilat_alarmy;;;;;
StepankovaH;gordion_user;gordion_cp;gordion_delete_zakazky_cp;gordion_lock_dokumenty_cp;gordion_unlock_dokumenty_cp;gordion_upload_archive_cp;gordion_delete_zakazky_pls;gordion_lock_dokumenty_pls;gordion_unlock_dokumenty_pls;gordion_upload_archive_pls;gordion_pls;gordion_delete_zakazky_zmr;gordion_lock_dokumenty_zmr;gordion_unlock_dokumenty_zmr;gordion_upload_archive_zmr;gordion_zmr;gordion_zasilat_alarmy;;;;;
Vrbicka;gordion_user;gordion_cp;gordion_delete_zakazky_cp;gordion_lock_dokumenty_cp;gordion_unlock_dokumenty_cp;gordion_upload_archive_cp;gordion_delete_zakazky_pls;gordion_lock_dokumenty_pls;gordion_unlock_dokumenty_pls;gordion_upload_archive_pls;gordion_pls;gordion_delete_zakazky_zmr;gordion_lock_dokumenty_zmr;gordion_unlock_dokumenty_zmr;gordion_upload_archive_zmr;gordion_zmr;gordion_zasilat_alarmy;;;;;
Ajgrmanova;gordion_user;gordion_cp;gordion_delete_zakazky_cp;gordion_lock_dokumenty_cp;gordion_unlock_dokumenty_cp;gordion_upload_archive_cp;gordion_delete_zakazky_pls;gordion_lock_dokumenty_pls;gordion_unlock_dokumenty_pls;gordion_upload_archive_pls;gordion_pls;gordion_delete_zakazky_zmr;gordion_lock_dokumenty_zmr;gordion_unlock_dokumenty_zmr;gordion_upload_archive_zmr;gordion_zmr;gordion_zasilat_alarmy;;;;;
KopeckaL;gordion_user;gordion_cp;gordion_delete_zakazky_cp;gordion_lock_dokumenty_cp;gordion_unlock_dokumenty_cp;gordion_upload_archive_cp;gordion_delete_zakazky_pls;gordion_lock_dokumenty_pls;gordion_unlock_dokumenty_pls;gordion_upload_archive_pls;gordion_pls;gordion_delete_zakazky_zmr;gordion_lock_dokumenty_zmr;gordion_unlock_dokumenty_zmr;gordion_upload_archive_zmr;gordion_zmr;gordion_zasilat_alarmy;;;;;
KrejcikM;gordion_user;gordion_cp;gordion_delete_zakazky_cp;gordion_lock_dokumenty_cp;gordion_unlock_dokumenty_cp;gordion_upload_archive_cp;gordion_delete_zakazky_pls;gordion_lock_dokumenty_pls;gordion_unlock_dokumenty_pls;gordion_upload_archive_pls;gordion_pls;gordion_delete_zakazky_zmr;gordion_lock_dokumenty_zmr;gordion_unlock_dokumenty_zmr;gordion_upload_archive_zmr;gordion_zmr;gordion_zasilat_alarmy;;;;;
StejskalM;gordion_user;gordion_cp;gordion_delete_zakazky_cp;gordion_lock_dokumenty_cp;gordion_unlock_dokumenty_cp;gordion_upload_archive_cp;gordion_delete_zakazky_pls;gordion_lock_dokumenty_pls;gordion_unlock_dokumenty_pls;gordion_upload_archive_pls;gordion_pls;gordion_delete_zakazky_zmr;gordion_lock_dokumenty_zmr;gordion_unlock_dokumenty_zmr;gordion_upload_archive_zmr;gordion_zmr;gordion_zasilat_alarmy;;;;;
Vosatka;gordion_user;gordion_cp;gordion_delete_zakazky_cp;gordion_lock_dokumenty_cp;gordion_unlock_dokumenty_cp;gordion_upload_archive_cp;gordion_delete_zakazky_pls;gordion_lock_dokumenty_pls;gordion_unlock_dokumenty_pls;gordion_upload_archive_pls;gordion_pls;gordion_delete_zakazky_zmr;gordion_lock_dokumenty_zmr;gordion_unlock_dokumenty_zmr;gordion_upload_archive_zmr;gordion_zmr;gordion_zasilat_alarmy;;;;;
Zohnova;gordion_user;gordion_cp;gordion_delete_zakazky_cp;gordion_lock_dokumenty_cp;gordion_unlock_dokumenty_cp;gordion_upload_archive_cp;gordion_delete_zakazky_pls;gordion_lock_dokumenty_pls;gordion_unlock_dokumenty_pls;gordion_upload_archive_pls;gordion_pls;gordion_delete_zakazky_zmr;gordion_lock_dokumenty_zmr;gordion_unlock_dokumenty_zmr;gordion_upload_archive_zmr;gordion_zmr;gordion_zasilat_alarmy;;;;;
Matlochova;gordion_user;gordion_cp;gordion_delete_zakazky_cp;gordion_lock_dokumenty_cp;gordion_unlock_dokumenty_cp;gordion_upload_archive_cp;gordion_delete_zakazky_pls;gordion_lock_dokumenty_pls;gordion_unlock_dokumenty_pls;gordion_upload_archive_pls;gordion_pls;gordion_delete_zakazky_zmr;gordion_lock_dokumenty_zmr;gordion_unlock_dokumenty_zmr;gordion_upload_archive_zmr;gordion_zmr;gordion_zasilat_alarmy;;;;;
KrejciT;gordion_user;gordion_cp;gordion_delete_zakazky_cp;gordion_lock_dokumenty_cp;gordion_unlock_dokumenty_cp;gordion_upload_archive_cp;gordion_delete_zakazky_pls;gordion_lock_dokumenty_pls;gordion_unlock_dokumenty_pls;gordion_upload_archive_pls;gordion_pls;gordion_delete_zakazky_zmr;gordion_lock_dokumenty_zmr;gordion_unlock_dokumenty_zmr;gordion_upload_archive_zmr;gordion_zmr;gordion_zasilat_alarmy;;;;;
MickovaB;gordion_user;gordion_cp;gordion_delete_zakazky_cp;gordion_lock_dokumenty_cp;gordion_unlock_dokumenty_cp;gordion_upload_archive_cp;gordion_delete_zakazky_pls;gordion_lock_dokumenty_pls;gordion_unlock_dokumenty_pls;gordion_upload_archive_pls;gordion_pls;gordion_delete_zakazky_zmr;gordion_lock_dokumenty_zmr;gordion_unlock_dokumenty_zmr;gordion_upload_archive_zmr;gordion_zmr;gordion_zasilat_alarmy;;;;;
SuchaH;gordion_user;gordion_cp;gordion_delete_zakazky_cp;gordion_lock_dokumenty_cp;gordion_unlock_dokumenty_cp;gordion_upload_archive_cp;gordion_delete_zakazky_pls;gordion_lock_dokumenty_pls;gordion_unlock_dokumenty_pls;gordion_upload_archive_pls;gordion_pls;gordion_delete_zakazky_zmr;gordion_lock_dokumenty_zmr;gordion_unlock_dokumenty_zmr;gordion_upload_archive_zmr;gordion_zmr;gordion_zasilat_alarmy;;;;;
Zrnikova;gordion_user;gordion_cp;gordion_delete_zakazky_cp;gordion_lock_dokumenty_cp;gordion_unlock_dokumenty_cp;gordion_upload_archive_cp;gordion_delete_zakazky_pls;gordion_lock_dokumenty_pls;gordion_unlock_dokumenty_pls;gordion_upload_archive_pls;gordion_pls;gordion_delete_zakazky_zmr;gordion_lock_dokumenty_zmr;gordion_unlock_dokumenty_zmr;gordion_upload_archive_zmr;gordion_zmr;gordion_zasilat_alarmy;;;;;
Ballis;gordion_user;gordion_cp;gordion_delete_zakazky_cp;gordion_lock_dokumenty_cp;gordion_unlock_dokumenty_cp;gordion_upload_archive_cp;gordion_delete_zakazky_pls;gordion_lock_dokumenty_pls;gordion_unlock_dokumenty_pls;gordion_upload_archive_pls;gordion_pls;gordion_delete_zakazky_zmr;gordion_lock_dokumenty_zmr;gordion_unlock_dokumenty_zmr;gordion_upload_archive_zmr;gordion_zmr;gordion_zasilat_alarmy;;;;;
Bubenik;gordion_user;gordion_cp;gordion_delete_zakazky_cp;gordion_lock_dokumenty_cp;gordion_unlock_dokumenty_cp;gordion_upload_archive_cp;gordion_delete_zakazky_pls;gordion_lock_dokumenty_pls;gordion_unlock_dokumenty_pls;gordion_upload_archive_pls;gordion_pls;gordion_delete_zakazky_zmr;gordion_lock_dokumenty_zmr;gordion_unlock_dokumenty_zmr;gordion_upload_archive_zmr;gordion_zmr;gordion_zasilat_alarmy;;;;;
Cerny;gordion_user;gordion_cp;gordion_delete_zakazky_cp;gordion_lock_dokumenty_cp;gordion_unlock_dokumenty_cp;gordion_upload_archive_cp;gordion_delete_zakazky_pls;gordion_lock_dokumenty_pls;gordion_unlock_dokumenty_pls;gordion_upload_archive_pls;gordion_pls;gordion_delete_zakazky_zmr;gordion_lock_dokumenty_zmr;gordion_unlock_dokumenty_zmr;gordion_upload_archive_zmr;gordion_zmr;gordion_zasilat_alarmy;;;;;
Cigak;gordion_user;gordion_cp;gordion_delete_zakazky_cp;gordion_lock_dokumenty_cp;gordion_unlock_dokumenty_cp;gordion_upload_archive_cp;gordion_delete_zakazky_pls;gordion_lock_dokumenty_pls;gordion_unlock_dokumenty_pls;gordion_upload_archive_pls;gordion_pls;gordion_delete_zakazky_zmr;gordion_lock_dokumenty_zmr;gordion_unlock_dokumenty_zmr;gordion_upload_archive_zmr;gordion_zmr;gordion_zasilat_alarmy;;;;;
Husek;gordion_user;gordion_cp;gordion_delete_zakazky_cp;gordion_lock_dokumenty_cp;gordion_unlock_dokumenty_cp;gordion_upload_archive_cp;gordion_delete_zakazky_pls;gordion_lock_dokumenty_pls;gordion_unlock_dokumenty_pls;gordion_upload_archive_pls;gordion_pls;gordion_delete_zakazky_zmr;gordion_lock_dokumenty_zmr;gordion_unlock_dokumenty_zmr;gordion_upload_archive_zmr;gordion_zmr;gordion_zasilat_alarmy;;;;;
Jaksl;gordion_user;gordion_cp;gordion_delete_zakazky_cp;gordion_lock_dokumenty_cp;gordion_unlock_dokumenty_cp;gordion_upload_archive_cp;gordion_delete_zakazky_pls;gordion_lock_dokumenty_pls;gordion_unlock_dokumenty_pls;gordion_upload_archive_pls;gordion_pls;gordion_delete_zakazky_zmr;gordion_lock_dokumenty_zmr;gordion_unlock_dokumenty_zmr;gordion_upload_archive_zmr;gordion_zmr;gordion_zasilat_alarmy;;;;;
Karlin;gordion_user;gordion_cp;gordion_delete_zakazky_cp;gordion_lock_dokumenty_cp;gordion_unlock_dokumenty_cp;gordion_upload_archive_cp;gordion_delete_zakazky_pls;gordion_lock_dokumenty_pls;gordion_unlock_dokumenty_pls;gordion_upload_archive_pls;gordion_pls;gordion_delete_zakazky_zmr;gordion_lock_dokumenty_zmr;gordion_unlock_dokumenty_zmr;gordion_upload_archive_zmr;gordion_zmr;gordion_zasilat_alarmy;;;;;
Kotas;gordion_user;gordion_cp;gordion_delete_zakazky_cp;gordion_lock_dokumenty_cp;gordion_unlock_dokumenty_cp;gordion_upload_archive_cp;gordion_delete_zakazky_pls;gordion_lock_dokumenty_pls;gordion_unlock_dokumenty_pls;gordion_upload_archive_pls;gordion_pls;gordion_delete_zakazky_zmr;gordion_lock_dokumenty_zmr;gordion_unlock_dokumenty_zmr;gordion_upload_archive_zmr;gordion_zmr;gordion_zasilat_alarmy;;;;;
LukesV;gordion_user;gordion_cp;gordion_delete_zakazky_cp;gordion_lock_dokumenty_cp;gordion_unlock_dokumenty_cp;gordion_upload_archive_cp;gordion_delete_zakazky_pls;gordion_lock_dokumenty_pls;gordion_unlock_dokumenty_pls;gordion_upload_archive_pls;gordion_pls;gordion_delete_zakazky_zmr;gordion_lock_dokumenty_zmr;gordion_unlock_dokumenty_zmr;gordion_upload_archive_zmr;gordion_zmr;gordion_zasilat_alarmy;;;;;
Mahr;gordion_user;gordion_cp;gordion_delete_zakazky_cp;gordion_lock_dokumenty_cp;gordion_unlock_dokumenty_cp;gordion_upload_archive_cp;gordion_delete_zakazky_pls;gordion_lock_dokumenty_pls;gordion_unlock_dokumenty_pls;gordion_upload_archive_pls;gordion_pls;gordion_delete_zakazky_zmr;gordion_lock_dokumenty_zmr;gordion_unlock_dokumenty_zmr;gordion_upload_archive_zmr;gordion_zmr;gordion_zasilat_alarmy;;;;;
Marek;gordion_user;gordion_cp;gordion_delete_zakazky_cp;gordion_lock_dokumenty_cp;gordion_unlock_dokumenty_cp;gordion_upload_archive_cp;gordion_delete_zakazky_pls;gordion_lock_dokumenty_pls;gordion_unlock_dokumenty_pls;gordion_upload_archive_pls;gordion_pls;gordion_delete_zakazky_zmr;gordion_lock_dokumenty_zmr;gordion_unlock_dokumenty_zmr;gordion_upload_archive_zmr;gordion_zmr;gordion_zasilat_alarmy;;;;;
Michalec;gordion_user;gordion_cp;gordion_delete_zakazky_cp;gordion_lock_dokumenty_cp;gordion_unlock_dokumenty_cp;gordion_upload_archive_cp;gordion_delete_zakazky_pls;gordion_lock_dokumenty_pls;gordion_unlock_dokumenty_pls;gordion_upload_archive_pls;gordion_pls;gordion_delete_zakazky_zmr;gordion_lock_dokumenty_zmr;gordion_unlock_dokumenty_zmr;gordion_upload_archive_zmr;gordion_zmr;gordion_zasilat_alarmy;;;;;
Prazak;gordion_user;gordion_cp;gordion_delete_zakazky_cp;gordion_lock_dokumenty_cp;gordion_unlock_dokumenty_cp;gordion_upload_archive_cp;gordion_delete_zakazky_pls;gordion_lock_dokumenty_pls;gordion_unlock_dokumenty_pls;gordion_upload_archive_pls;gordion_pls;gordion_delete_zakazky_zmr;gordion_lock_dokumenty_zmr;gordion_unlock_dokumenty_zmr;gordion_upload_archive_zmr;gordion_zmr;gordion_zasilat_alarmy;;;;;
Rabina;gordion_user;gordion_cp;gordion_delete_zakazky_cp;gordion_lock_dokumenty_cp;gordion_unlock_dokumenty_cp;gordion_upload_archive_cp;gordion_delete_zakazky_pls;gordion_lock_dokumenty_pls;gordion_unlock_dokumenty_pls;gordion_upload_archive_pls;gordion_pls;gordion_delete_zakazky_zmr;gordion_lock_dokumenty_zmr;gordion_unlock_dokumenty_zmr;gordion_upload_archive_zmr;gordion_zmr;gordion_zasilat_alarmy;;;;;
Solansky;gordion_user;gordion_cp;gordion_delete_zakazky_cp;gordion_lock_dokumenty_cp;gordion_unlock_dokumenty_cp;gordion_upload_archive_cp;gordion_delete_zakazky_pls;gordion_lock_dokumenty_pls;gordion_unlock_dokumenty_pls;gordion_upload_archive_pls;gordion_pls;gordion_delete_zakazky_zmr;gordion_lock_dokumenty_zmr;gordion_unlock_dokumenty_zmr;gordion_upload_archive_zmr;gordion_zmr;gordion_zasilat_alarmy;;;;;
Tomsic;gordion_user;gordion_cp;gordion_delete_zakazky_cp;gordion_lock_dokumenty_cp;gordion_unlock_dokumenty_cp;gordion_upload_archive_cp;gordion_delete_zakazky_pls;gordion_lock_dokumenty_pls;gordion_unlock_dokumenty_pls;gordion_upload_archive_pls;gordion_pls;gordion_delete_zakazky_zmr;gordion_lock_dokumenty_zmr;gordion_unlock_dokumenty_zmr;gordion_upload_archive_zmr;gordion_zmr;gordion_zasilat_alarmy;;;;;
Boehmova;gordion_user;gordion_cp;gordion_delete_zakazky_cp;gordion_lock_dokumenty_cp;gordion_unlock_dokumenty_cp;gordion_upload_archive_cp;gordion_delete_zakazky_pls;gordion_lock_dokumenty_pls;gordion_unlock_dokumenty_pls;gordion_upload_archive_pls;gordion_pls;gordion_delete_zakazky_zmr;gordion_lock_dokumenty_zmr;gordion_unlock_dokumenty_zmr;gordion_upload_archive_zmr;gordion_zmr;gordion_zasilat_alarmy;;;;;
Bucher;gordion_user;gordion_cp;gordion_delete_zakazky_cp;gordion_lock_dokumenty_cp;gordion_unlock_dokumenty_cp;gordion_upload_archive_cp;gordion_delete_zakazky_pls;gordion_lock_dokumenty_pls;gordion_unlock_dokumenty_pls;gordion_upload_archive_pls;gordion_pls;gordion_delete_zakazky_zmr;gordion_lock_dokumenty_zmr;gordion_unlock_dokumenty_zmr;gordion_upload_archive_zmr;gordion_zmr;gordion_zasilat_alarmy;;;;;
Jerabek;gordion_user;gordion_cp;gordion_delete_zakazky_cp;gordion_lock_dokumenty_cp;gordion_unlock_dokumenty_cp;gordion_upload_archive_cp;gordion_delete_zakazky_pls;gordion_lock_dokumenty_pls;gordion_unlock_dokumenty_pls;gordion_upload_archive_pls;gordion_pls;gordion_delete_zakazky_zmr;gordion_lock_dokumenty_zmr;gordion_unlock_dokumenty_zmr;gordion_upload_archive_zmr;gordion_zmr;gordion_zasilat_alarmy;;;;;
Kviderova;gordion_user;gordion_cp;gordion_delete_zakazky_cp;gordion_lock_dokumenty_cp;gordion_unlock_dokumenty_cp;gordion_upload_archive_cp;gordion_delete_zakazky_pls;gordion_lock_dokumenty_pls;gordion_unlock_dokumenty_pls;gordion_upload_archive_pls;gordion_pls;gordion_delete_zakazky_zmr;gordion_lock_dokumenty_zmr;gordion_unlock_dokumenty_zmr;gordion_upload_archive_zmr;gordion_zmr;gordion_zasilat_alarmy;;;;;
Mik;gordion_user;gordion_cp;gordion_delete_zakazky_cp;gordion_lock_dokumenty_cp;gordion_unlock_dokumenty_cp;gordion_upload_archive_cp;gordion_delete_zakazky_pls;gordion_lock_dokumenty_pls;gordion_unlock_dokumenty_pls;gordion_upload_archive_pls;gordion_pls;gordion_delete_zakazky_zmr;gordion_lock_dokumenty_zmr;gordion_unlock_dokumenty_zmr;gordion_upload_archive_zmr;gordion_zmr;gordion_zasilat_alarmy;;;;;
Molenda;gordion_user;gordion_cp;gordion_delete_zakazky_cp;gordion_lock_dokumenty_cp;gordion_unlock_dokumenty_cp;gordion_upload_archive_cp;gordion_delete_zakazky_pls;gordion_lock_dokumenty_pls;gordion_unlock_dokumenty_pls;gordion_upload_archive_pls;gordion_pls;gordion_delete_zakazky_zmr;gordion_lock_dokumenty_zmr;gordion_unlock_dokumenty_zmr;gordion_upload_archive_zmr;gordion_zmr;gordion_zasilat_alarmy;;;;;
Sigmund;gordion_user;gordion_cp;gordion_delete_zakazky_cp;gordion_lock_dokumenty_cp;gordion_unlock_dokumenty_cp;gordion_upload_archive_cp;gordion_delete_zakazky_pls;gordion_lock_dokumenty_pls;gordion_unlock_dokumenty_pls;gordion_upload_archive_pls;gordion_pls;gordion_delete_zakazky_zmr;gordion_lock_dokumenty_zmr;gordion_unlock_dokumenty_zmr;gordion_upload_archive_zmr;gordion_zmr;gordion_zasilat_alarmy;;;;;
Slimar;gordion_user;gordion_cp;gordion_delete_zakazky_cp;gordion_lock_dokumenty_cp;gordion_unlock_dokumenty_cp;gordion_upload_archive_cp;gordion_delete_zakazky_pls;gordion_lock_dokumenty_pls;gordion_unlock_dokumenty_pls;gordion_upload_archive_pls;gordion_pls;gordion_delete_zakazky_zmr;gordion_lock_dokumenty_zmr;gordion_unlock_dokumenty_zmr;gordion_upload_archive_zmr;gordion_zmr;gordion_zasilat_alarmy;;;;;
Vlkova;gordion_user;gordion_cp;gordion_delete_zakazky_cp;gordion_lock_dokumenty_cp;gordion_unlock_dokumenty_cp;gordion_upload_archive_cp;gordion_delete_zakazky_pls;gordion_lock_dokumenty_pls;gordion_unlock_dokumenty_pls;gordion_upload_archive_pls;gordion_pls;gordion_delete_zakazky_zmr;gordion_lock_dokumenty_zmr;gordion_unlock_dokumenty_zmr;gordion_upload_archive_zmr;gordion_zmr;gordion_zasilat_alarmy;;;;;
Zrnka;gordion_user;gordion_cp;gordion_delete_zakazky_cp;gordion_lock_dokumenty_cp;gordion_unlock_dokumenty_cp;gordion_upload_archive_cp;gordion_delete_zakazky_pls;gordion_lock_dokumenty_pls;gordion_unlock_dokumenty_pls;gordion_upload_archive_pls;gordion_pls;gordion_delete_zakazky_zmr;gordion_lock_dokumenty_zmr;gordion_unlock_dokumenty_zmr;gordion_upload_archive_zmr;gordion_zmr;gordion_zasilat_alarmy;;;;;
Fousek;gordion_user;gordion_cp;gordion_delete_zakazky_cp;gordion_lock_dokumenty_cp;gordion_unlock_dokumenty_cp;gordion_upload_archive_cp;gordion_delete_zakazky_pls;gordion_lock_dokumenty_pls;gordion_unlock_dokumenty_pls;gordion_upload_archive_pls;gordion_pls;gordion_delete_zakazky_zmr;gordion_lock_dokumenty_zmr;gordion_unlock_dokumenty_zmr;gordion_upload_archive_zmr;gordion_zmr;gordion_zasilat_alarmy;;;;;
Husa;gordion_user;gordion_cp;gordion_delete_zakazky_cp;gordion_lock_dokumenty_cp;gordion_unlock_dokumenty_cp;gordion_upload_archive_cp;gordion_delete_zakazky_pls;gordion_lock_dokumenty_pls;gordion_unlock_dokumenty_pls;gordion_upload_archive_pls;gordion_pls;gordion_delete_zakazky_zmr;gordion_lock_dokumenty_zmr;gordion_unlock_dokumenty_zmr;gordion_upload_archive_zmr;gordion_zmr;gordion_zasilat_alarmy;;;;;
NovakJi;gordion_user;gordion_cp;gordion_delete_zakazky_cp;gordion_lock_dokumenty_cp;gordion_unlock_dokumenty_cp;gordion_upload_archive_cp;gordion_delete_zakazky_pls;gordion_lock_dokumenty_pls;gordion_unlock_dokumenty_pls;gordion_upload_archive_pls;gordion_pls;gordion_delete_zakazky_zmr;gordion_lock_dokumenty_zmr;gordion_unlock_dokumenty_zmr;gordion_upload_archive_zmr;gordion_zmr;gordion_zasilat_alarmy;;;;;
Strelka;gordion_user;gordion_cp;gordion_delete_zakazky_cp;gordion_lock_dokumenty_cp;gordion_unlock_dokumenty_cp;gordion_upload_archive_cp;gordion_delete_zakazky_pls;gordion_lock_dokumenty_pls;gordion_unlock_dokumenty_pls;gordion_upload_archive_pls;gordion_pls;gordion_delete_zakazky_zmr;gordion_lock_dokumenty_zmr;gordion_unlock_dokumenty_zmr;gordion_upload_archive_zmr;gordion_zmr;gordion_zasilat_alarmy;;;;;
Vacek;gordion_user;gordion_cp;gordion_delete_zakazky_cp;gordion_lock_dokumenty_cp;gordion_unlock_dokumenty_cp;gordion_upload_archive_cp;gordion_delete_zakazky_pls;gordion_lock_dokumenty_pls;gordion_unlock_dokumenty_pls;gordion_upload_archive_pls;gordion_pls;gordion_delete_zakazky_zmr;gordion_lock_dokumenty_zmr;gordion_unlock_dokumenty_zmr;gordion_upload_archive_zmr;gordion_zmr;gordion_zasilat_alarmy;;;;;
Kotrman;gordion_user;gordion_cp;gordion_delete_zakazky_cp;gordion_lock_dokumenty_cp;gordion_unlock_dokumenty_cp;gordion_upload_archive_cp;gordion_delete_zakazky_pls;gordion_lock_dokumenty_pls;gordion_unlock_dokumenty_pls;gordion_upload_archive_pls;gordion_pls;gordion_delete_zakazky_zmr;gordion_lock_dokumenty_zmr;gordion_unlock_dokumenty_zmr;gordion_upload_archive_zmr;gordion_zmr;gordion_zasilat_alarmy;;;;;
FialaT;gordion_user;gordion_cp;gordion_delete_zakazky_cp;gordion_lock_dokumenty_cp;gordion_unlock_dokumenty_cp;gordion_upload_archive_cp;gordion_delete_zakazky_pls;gordion_lock_dokumenty_pls;gordion_unlock_dokumenty_pls;gordion_upload_archive_pls;gordion_pls;gordion_delete_zakazky_zmr;gordion_lock_dokumenty_zmr;gordion_unlock_dokumenty_zmr;gordion_upload_archive_zmr;gordion_zmr;gordion_zasilat_alarmy;;;;;
Gavenda;gordion_user;gordion_cp;gordion_delete_zakazky_cp;gordion_lock_dokumenty_cp;gordion_unlock_dokumenty_cp;gordion_upload_archive_cp;gordion_delete_zakazky_pls;gordion_lock_dokumenty_pls;gordion_unlock_dokumenty_pls;gordion_upload_archive_pls;gordion_pls;gordion_delete_zakazky_zmr;gordion_lock_dokumenty_zmr;gordion_unlock_dokumenty_zmr;gordion_upload_archive_zmr;gordion_zmr;gordion_zasilat_alarmy;;;;;
Chlebkova;gordion_user;gordion_cp;gordion_delete_zakazky_cp;gordion_lock_dokumenty_cp;gordion_unlock_dokumenty_cp;gordion_upload_archive_cp;gordion_delete_zakazky_pls;gordion_lock_dokumenty_pls;gordion_unlock_dokumenty_pls;gordion_upload_archive_pls;gordion_pls;gordion_delete_zakazky_zmr;gordion_lock_dokumenty_zmr;gordion_unlock_dokumenty_zmr;gordion_upload_archive_zmr;gordion_zmr;gordion_zasilat_alarmy;;;;;
Jurakova;gordion_user;gordion_cp;gordion_delete_zakazky_cp;gordion_lock_dokumenty_cp;gordion_unlock_dokumenty_cp;gordion_upload_archive_cp;gordion_delete_zakazky_pls;gordion_lock_dokumenty_pls;gordion_unlock_dokumenty_pls;gordion_upload_archive_pls;gordion_pls;gordion_delete_zakazky_zmr;gordion_lock_dokumenty_zmr;gordion_unlock_dokumenty_zmr;gordion_upload_archive_zmr;gordion_zmr;gordion_zasilat_alarmy;;;;;
Mendrok;gordion_user;gordion_cp;gordion_delete_zakazky_cp;gordion_lock_dokumenty_cp;gordion_unlock_dokumenty_cp;gordion_upload_archive_cp;gordion_delete_zakazky_pls;gordion_lock_dokumenty_pls;gordion_unlock_dokumenty_pls;gordion_upload_archive_pls;gordion_pls;gordion_delete_zakazky_zmr;gordion_lock_dokumenty_zmr;gordion_unlock_dokumenty_zmr;gordion_upload_archive_zmr;gordion_zmr;gordion_zasilat_alarmy;;;;;
Pejskova;gordion_user;gordion_cp;gordion_delete_zakazky_cp;gordion_lock_dokumenty_cp;gordion_unlock_dokumenty_cp;gordion_upload_archive_cp;gordion_delete_zakazky_pls;gordion_lock_dokumenty_pls;gordion_unlock_dokumenty_pls;gordion_upload_archive_pls;gordion_pls;gordion_delete_zakazky_zmr;gordion_lock_dokumenty_zmr;gordion_unlock_dokumenty_zmr;gordion_upload_archive_zmr;gordion_zmr;gordion_zasilat_alarmy;;;;;
Wasserbauerova;gordion_user;gordion_cp;gordion_delete_zakazky_cp;gordion_lock_dokumenty_cp;gordion_unlock_dokumenty_cp;gordion_upload_archive_cp;gordion_delete_zakazky_pls;gordion_lock_dokumenty_pls;gordion_unlock_dokumenty_pls;gordion_upload_archive_pls;gordion_pls;gordion_delete_zakazky_zmr;gordion_lock_dokumenty_zmr;gordion_unlock_dokumenty_zmr;gordion_upload_archive_zmr;gordion_zmr;gordion_zasilat_alarmy;;;;;
Sivek;gordion_user;gordion_cp;gordion_delete_zakazky_cp;gordion_lock_dokumenty_cp;gordion_unlock_dokumenty_cp;gordion_upload_archive_cp;gordion_delete_zakazky_pls;gordion_lock_dokumenty_pls;gordion_unlock_dokumenty_pls;gordion_upload_archive_pls;gordion_pls;gordion_delete_zakazky_zmr;gordion_lock_dokumenty_zmr;gordion_unlock_dokumenty_zmr;gordion_upload_archive_zmr;gordion_zmr;gordion_zasilat_alarmy;;;;;
Tolicky;gordion_user;gordion_cp;gordion_delete_zakazky_cp;gordion_lock_dokumenty_cp;gordion_unlock_dokumenty_cp;gordion_upload_archive_cp;gordion_delete_zakazky_pls;gordion_lock_dokumenty_pls;gordion_unlock_dokumenty_pls;gordion_upload_archive_pls;gordion_pls;gordion_delete_zakazky_zmr;gordion_lock_dokumenty_zmr;gordion_unlock_dokumenty_zmr;gordion_upload_archive_zmr;gordion_zmr;gordion_zasilat_alarmy;;;;;
Cikr;gordion_user;gordion_cp;gordion_delete_zakazky_cp;gordion_lock_dokumenty_cp;gordion_unlock_dokumenty_cp;gordion_upload_archive_cp;gordion_delete_zakazky_pls;gordion_lock_dokumenty_pls;gordion_unlock_dokumenty_pls;gordion_upload_archive_pls;gordion_pls;gordion_delete_zakazky_zmr;gordion_lock_dokumenty_zmr;gordion_unlock_dokumenty_zmr;gordion_upload_archive_zmr;gordion_zmr;gordion_zasilat_alarmy;;;;;
Hrebikova;gordion_user;gordion_cp;gordion_delete_zakazky_cp;gordion_lock_dokumenty_cp;gordion_unlock_dokumenty_cp;gordion_upload_archive_cp;gordion_delete_zakazky_pls;gordion_lock_dokumenty_pls;gordion_unlock_dokumenty_pls;gordion_upload_archive_pls;gordion_pls;gordion_delete_zakazky_zmr;gordion_lock_dokumenty_zmr;gordion_unlock_dokumenty_zmr;gordion_upload_archive_zmr;gordion_zmr;gordion_zasilat_alarmy;;;;;
Hus;gordion_user;gordion_cp;gordion_delete_zakazky_cp;gordion_lock_dokumenty_cp;gordion_unlock_dokumenty_cp;gordion_upload_archive_cp;gordion_delete_zakazky_pls;gordion_lock_dokumenty_pls;gordion_unlock_dokumenty_pls;gordion_upload_archive_pls;gordion_pls;gordion_delete_zakazky_zmr;gordion_lock_dokumenty_zmr;gordion_unlock_dokumenty_zmr;gordion_upload_archive_zmr;gordion_zmr;gordion_zasilat_alarmy;;;;;
Lipovcan;gordion_user;gordion_cp;gordion_delete_zakazky_cp;gordion_lock_dokumenty_cp;gordion_unlock_dokumenty_cp;gordion_upload_archive_cp;gordion_delete_zakazky_pls;gordion_lock_dokumenty_pls;gordion_unlock_dokumenty_pls;gordion_upload_archive_pls;gordion_pls;gordion_delete_zakazky_zmr;gordion_lock_dokumenty_zmr;gordion_unlock_dokumenty_zmr;gordion_upload_archive_zmr;gordion_zmr;gordion_zasilat_alarmy;;;;;
Stochl;gordion_user;gordion_cp;gordion_delete_zakazky_cp;gordion_lock_dokumenty_cp;gordion_unlock_dokumenty_cp;gordion_upload_archive_cp;gordion_delete_zakazky_pls;gordion_lock_dokumenty_pls;gordion_unlock_dokumenty_pls;gordion_upload_archive_pls;gordion_pls;gordion_delete_zakazky_zmr;gordion_lock_dokumenty_zmr;gordion_unlock_dokumenty_zmr;gordion_upload_archive_zmr;gordion_zmr;gordion_zasilat_alarmy;;;;;
EflerL;gordion_user;gordion_cp;gordion_delete_zakazky_cp;gordion_lock_dokumenty_cp;gordion_unlock_dokumenty_cp;gordion_upload_archive_cp;gordion_delete_zakazky_pls;gordion_lock_dokumenty_pls;gordion_unlock_dokumenty_pls;gordion_upload_archive_pls;gordion_pls;gordion_delete_zakazky_zmr;gordion_lock_dokumenty_zmr;gordion_unlock_dokumenty_zmr;gordion_upload_archive_zmr;gordion_zmr;gordion_zasilat_alarmy;;;;;
Chroust;gordion_user;gordion_cp;gordion_delete_zakazky_cp;gordion_lock_dokumenty_cp;gordion_unlock_dokumenty_cp;gordion_upload_archive_cp;gordion_delete_zakazky_pls;gordion_lock_dokumenty_pls;gordion_unlock_dokumenty_pls;gordion_upload_archive_pls;gordion_pls;gordion_delete_zakazky_zmr;gordion_lock_dokumenty_zmr;gordion_unlock_dokumenty_zmr;gordion_upload_archive_zmr;gordion_zmr;gordion_zasilat_alarmy;;;;;
JedlickaR;gordion_user;gordion_cp;gordion_delete_zakazky_cp;gordion_lock_dokumenty_cp;gordion_unlock_dokumenty_cp;gordion_upload_archive_cp;gordion_delete_zakazky_pls;gordion_lock_dokumenty_pls;gordion_unlock_dokumenty_pls;gordion_upload_archive_pls;gordion_pls;gordion_delete_zakazky_zmr;gordion_lock_dokumenty_zmr;gordion_unlock_dokumenty_zmr;gordion_upload_archive_zmr;gordion_zmr;gordion_zasilat_alarmy;;;;;
KocnyJ;gordion_user;gordion_cp;gordion_delete_zakazky_cp;gordion_lock_dokumenty_cp;gordion_unlock_dokumenty_cp;gordion_upload_archive_cp;gordion_delete_zakazky_pls;gordion_lock_dokumenty_pls;gordion_unlock_dokumenty_pls;gordion_upload_archive_pls;gordion_pls;gordion_delete_zakazky_zmr;gordion_lock_dokumenty_zmr;gordion_unlock_dokumenty_zmr;gordion_upload_archive_zmr;gordion_zmr;gordion_zasilat_alarmy;;;;;
LosselV;gordion_user;gordion_cp;gordion_delete_zakazky_cp;gordion_lock_dokumenty_cp;gordion_unlock_dokumenty_cp;gordion_upload_archive_cp;gordion_delete_zakazky_pls;gordion_lock_dokumenty_pls;gordion_unlock_dokumenty_pls;gordion_upload_archive_pls;gordion_pls;gordion_delete_zakazky_zmr;gordion_lock_dokumenty_zmr;gordion_unlock_dokumenty_zmr;gordion_upload_archive_zmr;gordion_zmr;gordion_zasilat_alarmy;;;;;
Mrlik;gordion_user;gordion_cp;gordion_delete_zakazky_cp;gordion_lock_dokumenty_cp;gordion_unlock_dokumenty_cp;gordion_upload_archive_cp;gordion_delete_zakazky_pls;gordion_lock_dokumenty_pls;gordion_unlock_dokumenty_pls;gordion_upload_archive_pls;gordion_pls;gordion_delete_zakazky_zmr;gordion_lock_dokumenty_zmr;gordion_unlock_dokumenty_zmr;gordion_upload_archive_zmr;gordion_zmr;gordion_zasilat_alarmy;;;;;
Bastian;gordion_user;gordion_cp;gordion_delete_zakazky_cp;gordion_lock_dokumenty_cp;gordion_unlock_dokumenty_cp;gordion_upload_archive_cp;gordion_delete_zakazky_pls;gordion_lock_dokumenty_pls;gordion_unlock_dokumenty_pls;gordion_upload_archive_pls;gordion_pls;gordion_delete_zakazky_zmr;gordion_lock_dokumenty_zmr;gordion_unlock_dokumenty_zmr;gordion_upload_archive_zmr;gordion_zmr;gordion_zasilat_alarmy;;;;;
Brand;gordion_user;gordion_cp;gordion_delete_zakazky_cp;gordion_lock_dokumenty_cp;gordion_unlock_dokumenty_cp;gordion_upload_archive_cp;gordion_delete_zakazky_pls;gordion_lock_dokumenty_pls;gordion_unlock_dokumenty_pls;gordion_upload_archive_pls;gordion_pls;gordion_delete_zakazky_zmr;gordion_lock_dokumenty_zmr;gordion_unlock_dokumenty_zmr;gordion_upload_archive_zmr;gordion_zmr;gordion_zasilat_alarmy;;;;;
Davidek;gordion_user;gordion_cp;gordion_delete_zakazky_cp;gordion_lock_dokumenty_cp;gordion_unlock_dokumenty_cp;gordion_upload_archive_cp;gordion_delete_zakazky_pls;gordion_lock_dokumenty_pls;gordion_unlock_dokumenty_pls;gordion_upload_archive_pls;gordion_pls;gordion_delete_zakazky_zmr;gordion_lock_dokumenty_zmr;gordion_unlock_dokumenty_zmr;gordion_upload_archive_zmr;gordion_zmr;gordion_zasilat_alarmy;;;;;
Gregor;gordion_user;gordion_cp;gordion_delete_zakazky_cp;gordion_lock_dokumenty_cp;gordion_unlock_dokumenty_cp;gordion_upload_archive_cp;gordion_delete_zakazky_pls;gordion_lock_dokumenty_pls;gordion_unlock_dokumenty_pls;gordion_upload_archive_pls;gordion_pls;gordion_delete_zakazky_zmr;gordion_lock_dokumenty_zmr;gordion_unlock_dokumenty_zmr;gordion_upload_archive_zmr;gordion_zmr;gordion_zasilat_alarmy;;;;;
MeckovaJ;gordion_user;gordion_cp;gordion_delete_zakazky_cp;gordion_lock_dokumenty_cp;gordion_unlock_dokumenty_cp;gordion_upload_archive_cp;gordion_delete_zakazky_pls;gordion_lock_dokumenty_pls;gordion_unlock_dokumenty_pls;gordion_upload_archive_pls;gordion_pls;gordion_delete_zakazky_zmr;gordion_lock_dokumenty_zmr;gordion_unlock_dokumenty_zmr;gordion_upload_archive_zmr;gordion_zmr;gordion_zasilat_alarmy;;;;;
Sablik;gordion_user;gordion_cp;gordion_delete_zakazky_cp;gordion_lock_dokumenty_cp;gordion_unlock_dokumenty_cp;gordion_upload_archive_cp;gordion_delete_zakazky_pls;gordion_lock_dokumenty_pls;gordion_unlock_dokumenty_pls;gordion_upload_archive_pls;gordion_pls;gordion_delete_zakazky_zmr;gordion_lock_dokumenty_zmr;gordion_unlock_dokumenty_zmr;gordion_upload_archive_zmr;gordion_zmr;gordion_zasilat_alarmy;;;;;
Samonil;gordion_user;gordion_cp;gordion_delete_zakazky_cp;gordion_lock_dokumenty_cp;gordion_unlock_dokumenty_cp;gordion_upload_archive_cp;gordion_delete_zakazky_pls;gordion_lock_dokumenty_pls;gordion_unlock_dokumenty_pls;gordion_upload_archive_pls;gordion_pls;gordion_delete_zakazky_zmr;gordion_lock_dokumenty_zmr;gordion_unlock_dokumenty_zmr;gordion_upload_archive_zmr;gordion_zmr;gordion_zasilat_alarmy;;;;;
Stocek;gordion_user;gordion_cp;gordion_delete_zakazky_cp;gordion_lock_dokumenty_cp;gordion_unlock_dokumenty_cp;gordion_upload_archive_cp;gordion_delete_zakazky_pls;gordion_lock_dokumenty_pls;gordion_unlock_dokumenty_pls;gordion_upload_archive_pls;gordion_pls;gordion_delete_zakazky_zmr;gordion_lock_dokumenty_zmr;gordion_unlock_dokumenty_zmr;gordion_upload_archive_zmr;gordion_zmr;gordion_zasilat_alarmy;;;;;
Zastera;gordion_user;gordion_cp;gordion_delete_zakazky_cp;gordion_lock_dokumenty_cp;gordion_unlock_dokumenty_cp;gordion_upload_archive_cp;gordion_delete_zakazky_pls;gordion_lock_dokumenty_pls;gordion_unlock_dokumenty_pls;gordion_upload_archive_pls;gordion_pls;gordion_delete_zakazky_zmr;gordion_lock_dokumenty_zmr;gordion_unlock_dokumenty_zmr;gordion_upload_archive_zmr;gordion_zmr;gordion_zasilat_alarmy;;;;;
Kocyanova;gordion_user;gordion_cp;gordion_delete_zakazky_cp;gordion_lock_dokumenty_cp;gordion_unlock_dokumenty_cp;gordion_upload_archive_cp;gordion_delete_zakazky_pls;gordion_lock_dokumenty_pls;gordion_unlock_dokumenty_pls;gordion_upload_archive_pls;gordion_pls;gordion_delete_zakazky_zmr;gordion_lock_dokumenty_zmr;gordion_unlock_dokumenty_zmr;gordion_upload_archive_zmr;gordion_zmr;gordion_zasilat_alarmy;;;;;
Nalevka;gordion_user;gordion_cp;gordion_delete_zakazky_cp;gordion_lock_dokumenty_cp;gordion_unlock_dokumenty_cp;gordion_upload_archive_cp;gordion_delete_zakazky_pls;gordion_lock_dokumenty_pls;gordion_unlock_dokumenty_pls;gordion_upload_archive_pls;gordion_pls;gordion_delete_zakazky_zmr;gordion_lock_dokumenty_zmr;gordion_unlock_dokumenty_zmr;gordion_upload_archive_zmr;gordion_zmr;gordion_zasilat_alarmy;;;;;
Tomasek;gordion_user;gordion_cp;gordion_delete_zakazky_cp;gordion_lock_dokumenty_cp;gordion_unlock_dokumenty_cp;gordion_upload_archive_cp;gordion_delete_zakazky_pls;gordion_lock_dokumenty_pls;gordion_unlock_dokumenty_pls;gordion_upload_archive_pls;gordion_pls;gordion_delete_zakazky_zmr;gordion_lock_dokumenty_zmr;gordion_unlock_dokumenty_zmr;gordion_upload_archive_zmr;gordion_zmr;gordion_zasilat_alarmy;;;;;
HofmanovaA;gordion_user;gordion_cp;gordion_delete_zakazky_cp;gordion_lock_dokumenty_cp;gordion_unlock_dokumenty_cp;gordion_upload_archive_cp;gordion_delete_zakazky_pls;gordion_lock_dokumenty_pls;gordion_unlock_dokumenty_pls;gordion_upload_archive_pls;gordion_pls;gordion_delete_zakazky_zmr;gordion_lock_dokumenty_zmr;gordion_unlock_dokumenty_zmr;gordion_upload_archive_zmr;gordion_zmr;gordion_zasilat_alarmy;;;;;
Kozeny;gordion_user;gordion_cp;gordion_delete_zakazky_cp;gordion_lock_dokumenty_cp;gordion_unlock_dokumenty_cp;gordion_upload_archive_cp;gordion_delete_zakazky_pls;gordion_lock_dokumenty_pls;gordion_unlock_dokumenty_pls;gordion_upload_archive_pls;gordion_pls;gordion_delete_zakazky_zmr;gordion_lock_dokumenty_zmr;gordion_unlock_dokumenty_zmr;gordion_upload_archive_zmr;gordion_zmr;gordion_zasilat_alarmy;;;;;
Ston;gordion_user;gordion_cp;gordion_delete_zakazky_cp;gordion_lock_dokumenty_cp;gordion_unlock_dokumenty_cp;gordion_upload_archive_cp;gordion_delete_zakazky_pls;gordion_lock_dokumenty_pls;gordion_unlock_dokumenty_pls;gordion_upload_archive_pls;gordion_pls;gordion_delete_zakazky_zmr;gordion_lock_dokumenty_zmr;gordion_unlock_dokumenty_zmr;gordion_upload_archive_zmr;gordion_zmr;gordion_zasilat_alarmy;;;;;
Skabrouthova;gordion_user;gordion_cp;gordion_delete_zakazky_cp;gordion_lock_dokumenty_cp;gordion_unlock_dokumenty_cp;gordion_upload_archive_cp;gordion_delete_zakazky_pls;gordion_lock_dokumenty_pls;gordion_unlock_dokumenty_pls;gordion_upload_archive_pls;gordion_pls;gordion_delete_zakazky_zmr;gordion_lock_dokumenty_zmr;gordion_unlock_dokumenty_zmr;gordion_upload_archive_zmr;gordion_zmr;gordion_zasilat_alarmy;;;;;
Ivo.Vesely;gordion_user;gordion_cp;gordion_delete_zakazky_cp;gordion_lock_dokumenty_cp;gordion_unlock_dokumenty_cp;gordion_upload_archive_cp;gordion_delete_zakazky_pls;gordion_lock_dokumenty_pls;gordion_unlock_dokumenty_pls;gordion_upload_archive_pls;gordion_pls;gordion_delete_zakazky_zmr;gordion_lock_dokumenty_zmr;gordion_unlock_dokumenty_zmr;gordion_upload_archive_zmr;gordion_zmr;gordion_zasilat_alarmy;;;;;
Kaleta;gordion_user;gordion_cp;gordion_delete_zakazky_cp;gordion_lock_dokumenty_cp;gordion_unlock_dokumenty_cp;gordion_upload_archive_cp;gordion_delete_zakazky_pls;gordion_lock_dokumenty_pls;gordion_unlock_dokumenty_pls;gordion_upload_archive_pls;gordion_pls;gordion_delete_zakazky_zmr;gordion_lock_dokumenty_zmr;gordion_unlock_dokumenty_zmr;gordion_upload_archive_zmr;gordion_zmr;gordion_zasilat_alarmy;;;;;
RuzickaM;gordion_user;gordion_cp;gordion_delete_zakazky_cp;gordion_lock_dokumenty_cp;gordion_unlock_dokumenty_cp;gordion_upload_archive_cp;gordion_delete_zakazky_pls;gordion_lock_dokumenty_pls;gordion_unlock_dokumenty_pls;gordion_upload_archive_pls;gordion_pls;gordion_delete_zakazky_zmr;gordion_lock_dokumenty_zmr;gordion_unlock_dokumenty_zmr;gordion_upload_archive_zmr;gordion_zmr;gordion_zasilat_alarmy;;;;;
Cevela;gordion_user;gordion_cp;gordion_delete_zakazky_cp;gordion_lock_dokumenty_cp;gordion_unlock_dokumenty_cp;gordion_upload_archive_cp;gordion_delete_zakazky_pls;gordion_lock_dokumenty_pls;gordion_unlock_dokumenty_pls;gordion_upload_archive_pls;gordion_pls;gordion_delete_zakazky_zmr;gordion_lock_dokumenty_zmr;gordion_unlock_dokumenty_zmr;gordion_upload_archive_zmr;gordion_zmr;gordion_zasilat_alarmy;;;;;
Matejka;gordion_user;gordion_cp;gordion_delete_zakazky_cp;gordion_lock_dokumenty_cp;gordion_unlock_dokumenty_cp;gordion_upload_archive_cp;gordion_delete_zakazky_pls;gordion_lock_dokumenty_pls;gordion_unlock_dokumenty_pls;gordion_upload_archive_pls;gordion_pls;gordion_delete_zakazky_zmr;gordion_lock_dokumenty_zmr;gordion_unlock_dokumenty_zmr;gordion_upload_archive_zmr;gordion_zmr;gordion_zasilat_alarmy;;;;;
Ugebauer;gordion_user;gordion_cp;gordion_delete_zakazky_cp;gordion_lock_dokumenty_cp;gordion_unlock_dokumenty_cp;gordion_upload_archive_cp;gordion_delete_zakazky_pls;gordion_lock_dokumenty_pls;gordion_unlock_dokumenty_pls;gordion_upload_archive_pls;gordion_pls;gordion_delete_zakazky_zmr;gordion_lock_dokumenty_zmr;gordion_unlock_dokumenty_zmr;gordion_upload_archive_zmr;gordion_zmr;gordion_zasilat_alarmy;;;;;
Bedlivy;gordion_user;gordion_cp;gordion_delete_zakazky_cp;gordion_lock_dokumenty_cp;gordion_unlock_dokumenty_cp;gordion_upload_archive_cp;gordion_delete_zakazky_pls;gordion_lock_dokumenty_pls;gordion_unlock_dokumenty_pls;gordion_upload_archive_pls;gordion_pls;gordion_delete_zakazky_zmr;gordion_lock_dokumenty_zmr;gordion_unlock_dokumenty_zmr;gordion_upload_archive_zmr;gordion_zmr;gordion_zasilat_alarmy;;;;;
Rybova;gordion_user;gordion_cp;gordion_delete_zakazky_cp;gordion_lock_dokumenty_cp;gordion_unlock_dokumenty_cp;gordion_upload_archive_cp;gordion_delete_zakazky_pls;gordion_lock_dokumenty_pls;gordion_unlock_dokumenty_pls;gordion_upload_archive_pls;gordion_pls;gordion_delete_zakazky_zmr;gordion_lock_dokumenty_zmr;gordion_unlock_dokumenty_zmr;gordion_upload_archive_zmr;gordion_zmr;gordion_zasilat_alarmy;;;;;
Zapletal;gordion_user;gordion_cp;gordion_delete_zakazky_cp;gordion_lock_dokumenty_cp;gordion_unlock_dokumenty_cp;gordion_upload_archive_cp;gordion_delete_zakazky_pls;gordion_lock_dokumenty_pls;gordion_unlock_dokumenty_pls;gordion_upload_archive_pls;gordion_pls;gordion_delete_zakazky_zmr;gordion_lock_dokumenty_zmr;gordion_unlock_dokumenty_zmr;gordion_upload_archive_zmr;gordion_zmr;gordion_zasilat_alarmy;;;;;
Paveza;gordion_user;gordion_cp;gordion_delete_zakazky_cp;gordion_lock_dokumenty_cp;gordion_unlock_dokumenty_cp;gordion_upload_archive_cp;gordion_delete_zakazky_pls;gordion_lock_dokumenty_pls;gordion_unlock_dokumenty_pls;gordion_upload_archive_pls;gordion_pls;gordion_delete_zakazky_zmr;gordion_lock_dokumenty_zmr;gordion_unlock_dokumenty_zmr;gordion_upload_archive_zmr;gordion_zmr;gordion_zasilat_alarmy;;;;;
Safrak;gordion_user;gordion_cp;gordion_delete_zakazky_cp;gordion_lock_dokumenty_cp;gordion_unlock_dokumenty_cp;gordion_upload_archive_cp;gordion_delete_zakazky_pls;gordion_lock_dokumenty_pls;gordion_unlock_dokumenty_pls;gordion_upload_archive_pls;gordion_pls;gordion_delete_zakazky_zmr;gordion_lock_dokumenty_zmr;gordion_unlock_dokumenty_zmr;gordion_upload_archive_zmr;gordion_zmr;gordion_zasilat_alarmy;;;;;
Vocadlo;gordion_user;gordion_cp;gordion_delete_zakazky_cp;gordion_lock_dokumenty_cp;gordion_unlock_dokumenty_cp;gordion_upload_archive_cp;gordion_delete_zakazky_pls;gordion_lock_dokumenty_pls;gordion_unlock_dokumenty_pls;gordion_upload_archive_pls;gordion_pls;gordion_delete_zakazky_zmr;gordion_lock_dokumenty_zmr;gordion_unlock_dokumenty_zmr;gordion_upload_archive_zmr;gordion_zmr;gordion_zasilat_alarmy;;;;;
